season,week,home_points,away_points,spread,neutral_site,underdog_win_actual,underdog_win_proba
2019,7,7,17,0.0,0,0,5.8507732e-05
2021,3,14,3,0.0,0,1,0.99979705
2023,10,28,31,0.0,0,0,0.0004655156
2022,1,14,51,0.0,0,0,2.540478e-06
2021,7,7,13,0.0,0,0,0.00037759653
2019,7,7,21,0.0,0,0,3.1275194e-05
2023,12,15,27,0.0,0,0,4.5653058e-05
2023,5,3,38,0.0,0,0,2.4711633e-06
2021,13,31,32,0.0,0,0,0.009324405
2023,6,38,33,0.0,0,1,0.99977547
2022,2,44,30,0.0,0,1,0.9999764
2023,7,61,10,0.0,0,1,0.9999988
2020,8,52,14,0.0,0,1,0.9999989
2023,8,23,38,0.0,0,0,8.973162e-06
2021,1,9,14,0.0,0,0,0.0005426611
2023,10,35,40,0.0,0,0,0.00017541426
2023,5,52,21,0.0,0,1,0.99999857
2020,3,21,49,0.0,0,0,3.601609e-06
2021,2,20,31,0.0,0,0,1.9073232e-05
2022,3,25,14,0.0,0,1,0.9999745
2022,11,66,0,0.0,0,1,0.99999845
2020,10,28,27,0.0,0,1,0.99131525
2021,3,19,16,0.0,0,1,0.9988551
2023,9,14,33,0.0,0,0,7.965095e-06
2021,8,30,35,0.0,0,0,0.00022246705
2022,9,42,3,0.0,0,1,0.9999982
2021,3,51,45,0.0,0,1,0.99906915
2022,5,6,48,0.0,0,0,1.2724878e-06
2023,5,27,16,0.0,0,1,0.99996173
2020,14,29,22,0.0,0,1,0.9999486
2023,6,44,52,0.0,0,0,0.00012419587
2022,3,14,33,0.0,0,0,8.85445e-06
2022,12,27,20,0.0,0,1,0.9999447
2023,12,56,14,0.0,0,1,0.9999988
2019,12,44,3,0.0,0,1,0.999998
2019,9,29,34,0.0,0,0,0.00028289773
2023,11,3,20,0.0,0,0,0.00015872397
2023,1,36,21,0.0,0,1,0.9999949
2022,7,33,34,0.0,0,0,0.011158931
2019,12,35,7,0.0,0,1,0.99999523
2023,12,24,13,0.0,0,1,0.99996865
2023,11,3,38,0.0,0,0,4.7791614e-06
2021,12,28,21,0.0,0,1,0.9999691
2023,1,33,46,0.0,0,0,1.6926435e-05
2023,6,28,14,0.0,0,1,0.9999813
2023,1,17,7,0.0,0,1,0.999928
2019,7,38,24,0.0,0,1,0.9999901
2023,5,10,13,0.0,0,0,0.0027321046
2023,11,24,35,0.0,0,0,3.1467473e-05
2019,6,33,52,0.0,0,0,4.289906e-06
2022,1,35,0,0.0,0,1,0.99999547
2023,4,16,49,0.0,0,0,1.9459017e-06
2023,9,24,21,0.0,0,1,0.99966943
2022,8,30,31,0.0,0,0,0.00785938
2022,9,3,62,0.0,0,0,2.0198815e-06
2023,9,31,14,0.0,0,1,0.9999882
2022,7,17,25,0.0,0,0,3.633376e-05
2021,11,27,0,0.0,0,1,0.99996984
2023,6,37,17,0.0,0,1,0.99999416
2023,7,52,3,0.0,0,1,0.9999988
2023,4,77,21,0.0,0,1,0.99999845
2020,9,52,10,0.0,0,1,0.99999917
2023,9,14,26,0.0,0,0,3.5984318e-05
2022,11,7,70,0.0,0,0,1.9805832e-06
2020,5,30,35,0.0,0,0,0.00022550943
2022,10,52,10,0.0,0,1,0.99999905
2023,9,52,21,0.0,0,1,0.9999988
2023,3,24,27,0.0,0,0,0.0008496495
2021,11,7,42,0.0,0,0,2.9315568e-06
2022,11,24,21,0.0,0,1,0.9997737
2021,1,21,33,0.0,0,0,2.2002325e-05
2020,8,28,35,0.0,0,0,8.495399e-05
2021,5,27,24,0.0,0,1,0.9995499
2023,8,27,23,0.0,0,1,0.99971884
2020,16,22,10,0.0,1,1,0.9999559
2022,12,28,33,0.0,0,0,0.00012888908
2023,6,14,37,0.0,0,0,3.936674e-06
2023,9,41,0,0.0,0,1,0.999998
2023,1,37,31,0.0,1,1,0.9998981
2022,13,52,42,0.0,0,1,0.99995494
2023,5,22,48,0.0,0,0,3.963503e-06
2021,5,35,30,0.0,0,1,0.99985075
2023,2,14,27,0.0,0,0,3.1838328e-05
2023,6,17,24,0.0,0,0,4.467264e-05
2021,13,22,24,0.0,0,0,0.0019003402
2023,7,17,37,0.0,0,0,4.59356e-06
2023,1,48,0,0.0,0,1,0.9999988
2021,10,42,26,0.0,0,1,0.99999475
2023,5,21,37,0.0,0,0,7.366738e-06
2022,7,0,34,0.0,0,0,4.9248474e-06
2021,7,7,36,0.0,0,0,4.0694263e-06
2023,8,28,35,0.0,0,0,7.501457e-05
2022,7,37,38,0.0,0,0,0.02453952
2022,11,21,27,0.0,0,0,0.00011068303
2020,16,51,32,0.0,0,1,0.9999902
2021,7,14,7,0.0,0,1,0.9997123
2023,9,32,7,0.0,0,1,0.9999895
2023,7,34,31,0.0,0,1,0.9988595
2021,13,23,13,0.0,0,1,0.99995995
2022,3,21,28,0.0,0,0,5.783369e-05
2020,15,28,10,0.0,0,1,0.99998534
2023,6,31,38,0.0,0,0,4.4452467e-05
2021,1,6,47,0.0,0,0,2.1687447e-06
2023,10,69,0,0.0,0,1,0.9999988
2021,4,13,9,0.0,0,1,0.99910235
2022,4,13,35,0.0,0,0,5.9324375e-06
2023,9,57,20,0.0,0,1,0.9999988
2019,11,56,0,0.0,0,1,0.9999989
2020,7,31,29,0.0,0,1,0.9984877
2021,5,58,21,0.0,0,1,0.99999857
2021,12,52,17,0.0,0,1,0.9999987
2023,8,42,21,0.0,0,1,0.99999774
2019,13,23,25,0.0,0,0,0.001533937
2021,10,31,28,0.0,0,1,0.99981743
2019,12,7,42,0.0,0,0,2.8670934e-06
2023,9,3,27,0.0,0,0,2.352797e-05
2022,11,14,19,0.0,0,0,0.0002737676
2019,1,27,13,0.0,0,1,0.9999778
2022,5,10,27,0.0,0,0,1.708558e-05
2021,10,28,24,0.0,0,1,0.99989545
2019,4,23,20,0.0,0,1,0.99969125
2023,7,14,21,0.0,0,0,5.9499987e-05
2021,11,31,28,0.0,0,1,0.999796
2022,5,35,42,0.0,0,0,4.043848e-05
2023,3,2,41,0.0,0,0,2.4873168e-06
2022,8,41,14,0.0,0,1,0.9999976
2023,10,13,34,0.0,0,0,1.2945007e-05
2022,1,29,26,0.0,0,1,0.999843
2021,10,27,19,0.0,0,1,0.99995506
2023,7,21,27,0.0,0,0,6.861778e-05
2023,3,0,0,0.0,0,0,0.05730402
2022,7,13,17,0.0,0,0,0.00019832239
2021,10,31,21,0.0,0,1,0.9999862
2023,6,24,19,0.0,0,1,0.9999039
2020,16,13,22,0.0,0,0,8.029171e-05
2023,9,38,34,0.0,0,1,0.99973255
2019,9,28,24,0.0,0,1,0.9998759
2021,1,42,35,0.0,0,1,0.99995387
2022,5,19,14,0.0,0,1,0.9997136
2022,2,34,17,0.0,0,1,0.9999924
2022,3,37,36,0.0,0,1,0.49687114
2020,5,45,14,0.0,0,1,0.9999987
2019,7,49,7,0.0,0,1,0.99999905
2023,11,38,28,0.0,0,1,0.999979
2023,5,35,36,0.0,0,0,0.005815566
2020,8,52,24,0.0,0,1,0.99999774
2023,10,28,21,0.0,0,1,0.99997103
2020,4,27,20,0.0,0,1,0.99995935
2019,1,24,19,0.0,0,1,0.9999349
2023,11,31,28,0.0,0,1,0.9997887
2021,6,20,13,0.0,0,1,0.99992406
2023,10,3,28,0.0,0,0,3.7300077e-05
2023,5,34,0,0.0,0,1,0.99999046
2019,2,38,15,0.0,0,1,0.99999666
2019,2,38,3,0.0,0,1,0.99999666
2022,6,9,6,0.0,0,1,0.996461
2021,4,49,0,0.0,0,1,0.9999989
2022,9,27,24,0.0,0,1,0.99940526
2022,15,34,31,0.0,0,1,0.99887246
2022,2,19,34,0.0,0,0,9.919237e-06
2023,4,30,7,0.0,0,1,0.9999893
2023,9,49,0,0.0,0,1,0.9999989
2022,6,36,14,0.0,0,1,0.99999416
2021,1,16,24,0.0,0,0,5.6206885e-05
2022,6,52,7,0.0,0,1,0.9999989
2023,5,56,27,0.0,0,1,0.9999974
2023,7,41,6,0.0,0,1,0.99999785
2019,6,52,0,0.0,0,1,0.9999989
2023,6,24,27,0.0,0,0,0.00051951676
2022,3,37,3,0.0,0,1,0.9999956
2022,1,29,6,0.0,0,1,0.9999883
2020,8,10,19,0.0,0,0,0.00010664037
2019,10,44,29,0.0,0,1,0.9999846
2023,3,70,7,0.0,1,1,0.9999988
2022,6,13,20,0.0,0,0,0.000103542625
2021,3,32,48,0.0,1,0,1.2231901e-05
2023,1,47,21,0.0,0,1,0.99999845
2021,3,23,16,0.0,0,1,0.9999579
2019,12,17,20,0.0,0,0,0.0016467315
2022,5,34,33,0.0,0,1,0.96538824
2021,1,41,17,0.0,0,1,0.99999785
2021,3,34,9,0.0,0,1,0.9999939
2022,1,0,42,0.0,0,0,3.0562658e-06
2023,9,47,49,0.0,0,0,0.034859188
2020,1,24,31,0.0,0,0,6.278811e-05
2023,6,0,91,0.0,0,0,1.643265e-06
2023,9,31,27,0.0,0,1,0.99988425
2023,11,51,10,0.0,0,1,0.9999989
2023,9,48,46,0.0,0,1,0.9465456
2021,5,24,7,0.0,0,1,0.9999745
2021,4,30,3,0.0,0,1,0.99998784
2022,2,34,41,0.0,0,0,5.1772935e-05
2019,13,44,35,0.0,0,1,0.99993396
2022,11,0,42,0.0,0,0,2.9224514e-06
2022,2,0,63,0.0,1,0,1.8026867e-06
2023,7,35,7,0.0,0,1,0.9999949
2020,15,56,35,0.0,0,1,0.99999416
2023,9,35,7,0.0,0,1,0.99999475
2022,9,7,48,0.0,0,0,1.5936446e-06
2023,1,45,7,0.0,0,1,0.9999988
2020,8,48,21,0.0,0,1,0.99999857
2023,6,31,12,0.0,0,1,0.99998856
2022,6,14,42,0.0,0,0,1.8330805e-06
2021,12,34,28,0.0,0,1,0.9999441
2022,11,23,41,0.0,0,0,8.516065e-06
2022,7,21,7,0.0,0,1,0.9999449
2022,11,21,56,0.0,0,0,2.5482257e-06
2019,15,39,24,0.0,0,1,0.9999924
2019,15,29,24,0.0,0,1,0.9999167
2022,9,21,35,0.0,0,0,1.0809825e-05
2019,4,45,10,0.0,0,1,0.9999988
2022,7,28,0,0.0,0,1,0.9999807
2023,1,14,41,0.0,0,0,3.6998078e-06
2023,5,30,27,0.0,0,1,0.99958056
2021,1,52,14,0.0,0,1,0.9999989
2023,2,24,0,0.0,0,1,0.99997497
2022,9,16,20,0.0,0,0,0.00041491372
2023,7,20,10,0.0,0,1,0.99992573
2021,11,24,32,0.0,0,0,4.6718484e-05
2023,13,6,42,0.0,0,0,2.959157e-06
2021,2,38,31,0.0,0,1,0.9999497
2021,5,3,31,0.0,0,0,7.832132e-06
2020,12,66,14,0.0,0,1,0.99999857
2019,10,38,34,0.0,0,1,0.99983406
2023,8,48,7,0.0,0,1,0.9999989
2022,5,21,31,0.0,0,0,1.5538992e-05
2022,11,22,26,0.0,0,0,0.00042426173
2023,6,10,27,0.0,0,0,1.8649773e-05
2021,9,44,2,0.0,0,1,0.99999833
2022,2,38,7,0.0,0,1,0.9999968
2022,2,19,20,0.0,0,0,0.0070197517
2022,11,56,14,0.0,0,1,0.9999988
2023,1,19,20,0.0,0,0,0.007899664
2023,9,34,6,0.0,0,1,0.9999912
2021,10,7,30,0.0,0,0,2.669619e-05
2023,1,34,14,0.0,1,1,0.9999933
2022,5,6,24,0.0,0,0,1.9590812e-05
2022,9,53,0,0.0,0,1,0.9999989
2021,5,37,31,0.0,0,1,0.99986494
2022,1,31,28,0.0,0,1,0.9998472
2023,1,35,10,0.0,0,1,0.9999962
2022,1,30,0,0.0,0,1,0.9999889
2022,3,34,27,0.0,0,1,0.9999696
2021,3,21,3,0.0,0,1,0.99994886
2019,7,38,42,0.0,0,0,0.0012096467
2020,11,59,53,0.0,0,1,0.9933743
2022,2,14,73,0.0,0,0,1.8939327e-06
2023,3,35,38,0.0,0,0,0.00043434554
2023,10,21,35,0.0,0,0,2.1294103e-05
2022,1,10,63,0.0,0,0,2.4319377e-06
2021,7,21,38,0.0,0,0,5.9552362e-06
2022,4,17,14,0.0,0,1,0.99956447
2021,5,17,24,0.0,0,0,4.891144e-05
2022,3,14,27,0.0,0,0,3.1960317e-05
2022,6,24,14,0.0,0,1,0.999964
2023,7,10,17,0.0,0,0,0.00013617378
2023,9,26,30,0.0,0,0,0.00030286916
2023,11,17,61,0.0,0,0,2.6311639e-06
2021,6,41,13,0.0,0,1,0.9999981
2021,5,23,7,0.0,0,1,0.99996793
2021,7,37,7,0.0,0,1,0.99999595
2023,7,7,62,0.0,0,0,1.5498117e-06
2023,4,59,14,0.0,0,1,0.99999857
2019,4,38,31,0.0,0,1,0.99993765
2022,10,34,27,0.0,0,1,0.9999616
2021,3,33,62,0.0,0,0,5.4796396e-06
2022,11,10,9,0.0,0,1,0.9705711
2021,12,38,35,0.0,0,1,0.99891746
2021,3,52,3,0.0,0,1,0.99999905
2023,9,75,25,0.0,0,1,0.99999785
2023,8,7,57,0.0,0,0,1.324645e-06
2021,1,21,47,0.0,0,0,5.0480203e-06
2021,5,34,46,0.0,0,0,1.2157808e-05
2023,8,17,27,0.0,0,0,2.7057662e-05
2022,3,38,21,0.0,0,1,0.9999957
2021,2,10,28,0.0,0,0,2.3092522e-05
2022,7,62,63,0.0,0,0,0.19137874
2020,13,23,59,0.0,0,0,3.4162829e-06
2019,2,20,31,0.0,0,0,2.0075038e-05
2021,4,27,30,0.0,0,0,0.0005181563
2022,11,19,42,0.0,0,0,3.5953256e-06
2023,10,34,76,0.0,0,0,1.8210063e-05
2021,3,42,30,0.0,0,1,0.99998224
2022,10,7,63,0.0,0,0,3.1514478e-06
2023,10,38,35,0.0,0,1,0.99934334
2023,5,14,35,0.0,0,0,5.466539e-06
2023,8,31,23,0.0,0,1,0.99996626
2023,5,24,34,0.0,0,0,1.9602567e-05
2022,10,48,23,0.0,0,1,0.99999833
2023,7,18,19,0.0,0,0,0.022421218
2022,3,7,56,0.0,0,0,1.4833083e-06
2023,5,45,26,0.0,0,1,0.9999949
2022,10,17,56,0.0,0,0,3.547767e-06
2023,5,21,9,0.0,0,1,0.9999441
2023,11,24,16,0.0,0,1,0.9999528
2022,4,20,41,0.0,0,0,3.9178317e-06
2021,12,56,6,0.0,0,1,0.9999988
2023,11,26,29,0.0,0,0,0.00062344625
2021,11,37,73,0.0,0,0,9.929979e-06
2019,3,21,40,0.0,0,0,5.60178e-06
2019,2,38,13,0.0,0,1,0.999997
2023,6,24,28,0.0,0,0,0.00015965445
2023,6,42,9,0.0,0,1,0.9999982
2020,3,43,21,0.0,0,1,0.99999833
2022,5,10,34,0.0,0,0,4.7995686e-06
2021,7,13,14,0.0,0,0,0.007844072
2021,10,20,7,0.0,0,1,0.999938
2023,2,28,17,0.0,0,1,0.999985
2021,6,31,52,0.0,0,0,3.884608e-06
2022,4,14,17,0.0,0,0,0.0005758522
2022,5,14,41,0.0,0,0,1.9584834e-06
2020,13,7,10,0.0,0,0,0.00392027
2023,4,36,27,0.0,0,1,0.9999782
2023,8,28,31,0.0,0,0,0.0003186244
2023,4,30,27,0.0,0,1,0.99967587
2022,2,12,56,0.0,0,0,1.6763962e-06
2021,4,29,10,0.0,0,1,0.99998903
2023,4,6,13,0.0,0,0,0.00030439298
2021,1,68,0,0.0,0,1,0.9999987
2023,4,13,16,0.0,0,0,0.0010478562
2022,7,34,0,0.0,0,1,0.9999902
2021,3,28,23,0.0,0,1,0.99995065
2022,13,10,20,0.0,0,0,0.0001348362
2022,5,82,0,0.0,0,1,0.99999845
2023,6,31,24,0.0,0,1,0.9999584
2022,5,28,7,0.0,0,1,0.99998283
2019,8,30,27,0.0,0,1,0.99960274
2022,5,8,28,0.0,0,0,1.2396201e-05
2023,5,14,21,0.0,0,0,5.6848578e-05
2019,1,27,49,0.0,0,0,1.0298702e-05
2023,10,13,42,0.0,0,0,4.1570515e-06
2023,1,30,7,0.0,0,1,0.9999901
2019,7,48,41,0.0,0,1,0.9998938
2023,2,40,34,0.0,0,1,0.99983406
2022,3,63,7,0.0,0,1,0.9999988
2019,13,19,10,0.0,0,1,0.9999088
2022,10,30,37,0.0,0,0,0.00016363063
2022,11,34,37,0.0,0,0,0.0006014767
2023,10,23,33,0.0,0,0,4.8450875e-05
2022,9,41,37,0.0,0,1,0.999161
2019,14,3,52,0.0,0,0,1.8075154e-06
2019,4,36,7,0.0,0,1,0.9999962
2023,7,27,13,0.0,0,1,0.99996877
2023,4,10,7,0.0,0,1,0.9955996
2021,10,35,10,0.0,0,1,0.9999957
2023,11,60,17,0.0,0,1,0.99999845
2023,8,35,32,0.0,0,1,0.9991842
2022,3,17,38,0.0,1,0,4.2060815e-06
2023,6,40,7,0.0,0,1,0.999997
2019,12,24,17,0.0,0,1,0.9999479
2023,1,0,65,0.0,1,0,2.530272e-06
2020,13,20,70,0.0,0,0,2.585914e-06
2019,6,40,17,0.0,0,1,0.99999714
2019,5,24,27,0.0,0,0,0.0005857292
2022,3,10,17,0.0,0,0,0.00016905801
2022,3,42,6,0.0,0,1,0.9999982
2022,3,49,14,0.0,0,1,0.9999988
2021,2,31,3,0.0,0,1,0.99999034
2022,4,10,0,0.0,0,1,0.99919635
2023,4,14,22,0.0,0,0,6.037073e-05
2022,13,34,31,0.0,0,1,0.99887246
2022,6,48,6,0.0,0,1,0.9999987
2019,9,6,29,0.0,0,0,2.0168412e-05
2021,12,34,7,0.0,0,1,0.9999926
2023,10,27,21,0.0,0,1,0.99993455
2019,1,38,35,0.0,0,1,0.9992531
2020,13,29,36,0.0,0,0,0.00012504886
2021,2,31,35,0.0,0,0,0.0005512454
2019,9,35,36,0.0,0,0,0.0100695845
2023,2,28,42,0.0,1,0,1.6022217e-05
2022,3,16,14,0.0,0,1,0.9963404
2022,3,47,20,0.0,0,1,0.99999845
2021,11,44,20,0.0,0,1,0.9999975
2020,7,14,28,0.0,0,0,2.2460035e-05
2019,3,31,34,0.0,0,0,0.0011928072
2019,1,37,23,0.0,0,1,0.9999926
2022,3,11,6,0.0,0,1,0.99938583
2023,11,42,7,0.0,0,1,0.9999982
2023,7,17,10,0.0,0,1,0.99990726
2021,3,7,45,0.0,0,0,1.579966e-06
2023,13,41,3,0.0,0,1,0.9999974
2021,13,55,6,0.0,0,1,0.9999988
2023,6,20,14,0.0,0,1,0.99988353
2023,1,13,80,0.0,0,0,2.598849e-06
2023,9,7,50,0.0,0,0,1.621038e-06
2019,12,31,30,0.0,0,1,0.9931017
2019,1,42,20,0.0,0,1,0.9999981
2021,3,13,48,0.0,0,0,1.9098377e-06
2022,8,35,17,0.0,0,1,0.99999356
2022,12,45,38,0.0,0,1,0.9999676
2023,1,0,51,0.0,0,0,2.2321658e-06
2023,6,40,52,0.0,0,0,1.4463808e-05
2022,7,35,19,0.0,0,1,0.99999344
2022,10,7,21,0.0,0,0,6.839488e-05
2022,4,24,27,0.0,0,0,0.0006159184
2021,9,42,21,0.0,0,1,0.9999981
2023,11,25,23,0.0,0,1,0.9986797
2021,9,28,14,0.0,0,1,0.9999845
2022,9,59,23,0.0,0,1,0.9999982
2023,3,48,3,0.0,0,1,0.9999988
2022,4,35,12,0.0,0,1,0.99999547
2022,6,55,6,0.0,0,1,0.9999988
2022,10,16,21,0.0,0,0,0.0001861622
2022,2,21,35,0.0,0,0,1.3144734e-05
2022,7,65,0,0.0,0,1,0.99999845
2019,3,14,21,0.0,0,0,7.2116665e-05
2022,2,24,14,0.0,0,1,0.99997294
2021,7,17,24,0.0,0,0,4.891144e-05
2022,9,28,24,0.0,1,1,0.9998394
2023,7,39,23,0.0,0,1,0.99999285
2022,6,31,34,0.0,0,0,0.00068435917
2023,6,24,27,0.0,0,0,0.00051951676
2023,5,0,66,0.0,1,0,1.643265e-06
2023,11,24,14,0.0,0,1,0.9999676
2023,7,42,7,0.0,0,1,0.99999833
2022,1,24,31,0.0,0,0,5.9654914e-05
2022,10,10,35,0.0,0,0,9.9050285e-06
2022,1,28,13,0.0,1,1,0.99998784
2020,5,34,6,0.0,0,1,0.9999926
2023,9,29,26,0.0,0,1,0.9997179
2021,10,27,24,0.0,0,1,0.99961275
2021,6,31,7,0.0,0,1,0.9999902
2022,15,41,21,0.0,0,1,0.99999654
2020,10,6,24,0.0,0,0,6.044752e-05
2023,1,31,11,0.0,0,1,0.99999225
2023,6,17,14,0.0,0,1,0.999451
2021,9,19,28,0.0,0,0,3.2744207e-05
2022,14,7,17,0.0,1,0,0.00013034328
2023,6,80,22,0.0,0,1,0.99999774
2021,11,48,13,0.0,0,1,0.9999988
2021,8,48,24,0.0,0,1,0.99999714
2023,12,23,15,0.0,0,1,0.99994326
2023,2,45,3,0.0,0,1,0.9999987
2021,11,21,28,0.0,0,0,7.88621e-05
2023,8,28,27,0.0,0,1,0.9885661
2019,13,38,33,0.0,0,1,0.9998299
2022,10,17,28,0.0,0,0,4.122985e-05
2021,11,36,30,0.0,0,1,0.99985254
2022,1,49,7,0.0,0,1,0.9999989
2022,4,31,28,0.0,0,1,0.99978334
2022,2,14,35,0.0,0,0,7.0243673e-06
2023,3,23,0,0.0,0,1,0.9999695
2021,8,0,49,0.0,0,0,1.4468501e-06
2023,11,0,38,0.0,0,0,4.7791614e-06
2022,11,14,48,0.0,0,0,2.0487455e-06
2023,11,37,7,0.0,0,1,0.9999951
2020,11,38,31,0.0,0,1,0.9999306
2023,9,27,24,0.0,0,1,0.99944645
2023,9,39,17,0.0,0,1,0.99999666
2023,6,7,17,0.0,0,0,4.880316e-05
2022,5,7,35,0.0,0,0,3.898938e-06
2021,9,12,15,0.0,0,0,0.0012646014
2023,11,31,29,0.0,0,1,0.99841857
2021,8,35,14,0.0,0,1,0.99999523
2022,7,41,14,0.0,0,1,0.9999976
2022,12,23,29,0.0,0,0,0.00012373757
2021,4,34,28,0.0,0,1,0.9999473
2023,3,55,19,0.0,0,1,0.9999989
2020,11,41,38,0.0,0,1,0.9981975
2020,6,53,45,0.0,1,1,0.9997247
2023,1,45,24,0.0,0,1,0.99999726
2023,7,28,48,0.0,0,0,8.123237e-06
2023,6,38,6,0.0,0,1,0.99999547
2022,4,34,31,0.0,0,1,0.9988049
2022,5,38,17,0.0,0,1,0.99999523
2022,5,49,10,0.0,0,1,0.9999989
2023,6,51,44,0.0,0,1,0.9996476
2019,12,27,37,0.0,0,0,3.2110624e-05
2021,9,42,21,0.0,0,1,0.9999981
2022,7,37,39,0.0,0,0,0.002847171
2023,7,41,13,0.0,0,1,0.999998
2022,1,20,38,0.0,0,0,8.059761e-06
2022,3,45,17,0.0,0,1,0.99999857
2022,6,54,14,0.0,0,1,0.9999988
2022,1,34,35,0.0,1,0,0.023584193
2021,3,27,17,0.0,0,1,0.999972
2023,11,24,14,0.0,0,1,0.9999676
2021,1,47,14,0.0,0,1,0.9999987
2021,11,17,49,0.0,0,0,2.2134307e-06
2023,4,16,41,0.0,0,0,2.9300447e-06
2022,8,14,40,0.0,1,0,1.972066e-06
2021,3,9,44,0.0,0,0,2.1707745e-06
2021,2,13,27,0.0,0,0,3.0074545e-05
2019,2,35,28,0.0,0,1,0.9999795
2022,4,30,34,0.0,0,0,0.00029959605
2022,4,24,56,0.0,0,0,2.7110302e-06
2021,4,25,28,0.0,0,0,0.0003920545
2020,10,23,47,0.0,0,0,1.0305118e-05
2023,12,31,38,0.0,0,0,5.8614347e-05
2019,3,41,0,0.0,0,1,0.9999981
2022,7,14,16,0.0,0,0,0.006620662
2019,5,20,23,0.0,0,0,0.00025524505
2023,9,10,77,0.0,0,0,1.981711e-06
2022,8,35,38,0.0,0,0,0.00036366287
2019,3,57,20,0.0,0,1,0.9999989
2022,8,17,47,0.0,0,0,1.6695677e-06
2022,7,7,42,0.0,0,0,1.5323052e-06
2022,8,10,13,0.0,0,0,0.002661505
2022,10,42,0,0.0,0,1,0.9999981
2022,9,30,27,0.0,0,1,0.99957067
2023,11,0,27,0.0,0,0,4.1425606e-05
2023,10,41,21,0.0,0,1,0.9999975
2020,3,6,26,0.0,0,0,2.9112549e-05
2022,4,21,17,0.0,0,1,0.9998185
2022,11,19,11,0.0,0,1,0.9999007
2023,7,24,45,0.0,0,0,5.586511e-06
2019,1,12,30,0.0,0,0,2.1945074e-05
2023,3,27,41,0.0,0,0,1.568361e-05
2022,7,21,44,0.0,0,0,3.4227296e-06
2022,13,46,49,0.0,0,0,0.009226345
2021,15,19,42,0.0,0,0,4.1220665e-06
2023,1,36,26,0.0,0,1,0.99998534
2023,2,24,0,0.0,0,1,0.99997497
2019,14,49,24,0.0,0,1,0.99999774
2021,5,25,67,0.0,0,0,3.4651803e-06
2019,9,21,63,0.0,0,0,2.5550976e-06
2019,5,42,16,0.0,0,1,0.9999982
2020,6,14,21,0.0,0,0,6.40977e-05
2023,9,17,62,0.0,0,0,2.415022e-06
2021,7,34,17,0.0,0,1,0.99999213
2023,5,9,16,0.0,0,0,0.0001985784
2023,10,3,10,0.0,0,0,0.0016874976
2021,5,73,7,0.0,0,1,0.9999988
2021,10,27,19,0.0,0,1,0.99995506
2022,8,28,3,0.0,0,1,0.9999807
2023,10,31,36,0.0,0,0,0.00032683968
2022,7,7,44,0.0,0,0,1.5289376e-06
2023,8,0,28,0.0,0,0,1.4781352e-05
2023,6,48,10,0.0,0,1,0.9999989
2022,10,31,14,0.0,0,1,0.99998796
2022,15,20,17,0.0,1,1,0.99894005
2021,7,21,16,0.0,0,1,0.9998863
2021,7,14,17,0.0,0,0,0.0005317843
2022,2,19,21,0.0,0,0,0.0007065261
2023,9,17,7,0.0,0,1,0.9999161
2021,4,3,27,0.0,0,0,1.9935711e-05
2023,5,35,54,0.0,0,0,5.7271013e-06
2021,9,56,21,0.0,0,1,0.9999989
2022,6,16,17,0.0,0,0,0.026626406
2021,12,56,10,0.0,0,1,0.99999905
2023,6,28,36,0.0,0,0,4.4259705e-05
2019,9,59,7,0.0,0,1,0.9999989
2022,6,24,9,0.0,0,1,0.9999683
2023,6,23,0,0.0,0,1,0.9999583
2019,8,28,34,0.0,0,0,9.42252e-05
2022,6,14,45,0.0,0,0,1.53136e-06
2021,1,28,10,0.0,0,1,0.99998856
2022,10,35,28,0.0,0,1,0.9999685
2022,12,10,55,0.0,0,0,1.5215295e-06
2019,13,21,35,0.0,0,0,1.8422132e-05
2023,7,14,6,0.0,0,1,0.9997578
2022,2,0,44,0.0,0,0,2.0573857e-06
2023,2,19,17,0.0,0,1,0.9940301
2023,9,38,27,0.0,0,1,0.99998176
2023,9,14,34,0.0,0,0,7.4116965e-06
2022,2,28,24,0.0,0,1,0.99990964
2019,4,20,14,0.0,0,1,0.99991024
2021,3,32,21,0.0,0,1,0.9999893
2021,2,24,10,0.0,0,1,0.9999771
2019,7,14,38,0.0,0,0,3.27724e-06
2021,12,28,49,0.0,0,0,7.256935e-06
2022,3,66,24,0.0,0,1,0.9999982
2023,11,49,14,0.0,1,1,0.9999987
2021,10,14,24,0.0,0,0,6.8340574e-05
2022,7,20,48,0.0,0,0,2.3967516e-06
2022,12,17,21,0.0,0,0,0.00027004498
2019,10,14,23,0.0,0,0,0.00012584926
2021,4,24,21,0.0,0,1,0.99969304
2022,1,49,23,0.0,0,1,0.9999982
2023,6,34,17,0.0,0,1,0.9999902
2022,2,38,35,0.0,0,1,0.9990533
2020,12,69,35,0.0,0,1,0.99999464
2019,1,24,21,0.0,0,1,0.99976474
2022,12,26,9,0.0,0,1,0.99996495
2021,13,37,33,0.0,0,1,0.99937016
2022,8,38,7,0.0,0,1,0.9999958
2023,5,38,21,0.0,0,1,0.99999416
2022,10,21,30,0.0,0,0,4.830343e-05
2023,5,29,17,0.0,0,1,0.99998236
2021,8,35,42,0.0,0,0,6.404675e-05
2019,14,49,7,0.0,0,1,0.9999989
2022,8,14,28,0.0,0,0,1.8249111e-05
2019,8,31,16,0.0,0,1,0.9999889
2019,1,35,18,0.0,0,1,0.99999535
2023,8,37,12,0.0,0,1,0.9999951
2022,3,0,27,0.0,1,0,2.372711e-05
2022,13,33,51,0.0,0,0,1.1032787e-05
2021,11,14,7,0.0,0,1,0.99976164
2022,6,7,24,0.0,0,0,1.9293144e-05
2022,3,9,35,0.0,0,0,6.3844527e-06
2021,9,34,3,0.0,0,1,0.9999926
2021,10,12,28,0.0,0,0,3.7145062e-05
2023,8,31,30,0.0,0,1,0.9917305
2021,15,13,17,0.0,0,0,0.00021520411
2023,3,28,24,0.0,0,1,0.9999145
2023,10,38,14,0.0,0,1,0.9999962
2021,7,24,44,0.0,0,0,6.4915453e-06
2019,12,42,14,0.0,0,1,0.999998
2023,3,27,21,0.0,0,1,0.99995005
2022,7,41,17,0.0,0,1,0.9999976
2023,7,36,33,0.0,0,1,0.998892
2021,10,22,35,0.0,0,0,2.8734423e-05
2023,3,31,34,0.0,0,0,0.001087332
2023,13,28,42,0.0,0,0,1.7355096e-05
2021,8,14,34,0.0,0,0,6.812434e-06
2019,8,0,30,0.0,0,0,1.2979842e-05
2019,4,31,34,0.0,0,0,0.00088773936
2019,2,63,14,0.0,0,1,0.9999988
2023,12,21,14,0.0,0,1,0.99993515
2022,2,17,30,0.0,0,0,2.089639e-05
2021,11,32,57,0.0,0,0,6.6226535e-06
2021,5,28,0,0.0,0,1,0.9999839
2022,5,35,27,0.0,0,1,0.9999685
2021,4,10,27,0.0,0,0,2.250843e-05
2022,8,0,49,0.0,0,0,1.3250393e-06
2022,3,37,40,0.0,0,0,0.00075489725
2023,12,30,27,0.0,0,1,0.99963653
2019,5,42,36,0.0,0,1,0.99986935
2022,11,26,44,0.0,0,0,1.0817982e-05
2022,8,56,21,0.0,0,1,0.99999857
2022,1,38,17,0.0,0,1,0.9999964
2021,6,15,61,0.0,0,0,1.8105206e-06
2023,3,42,35,0.0,0,1,0.9999521
2023,11,37,23,0.0,0,1,0.9999896
2023,9,25,14,0.0,0,1,0.9999685
2022,14,16,28,0.0,0,0,3.6935104e-05
2022,5,12,26,0.0,0,0,2.4969995e-05
2023,8,42,14,0.0,0,1,0.9999982
2023,6,48,41,0.0,0,1,0.99985623
2022,4,22,23,0.0,0,0,0.010261926
2022,11,43,27,0.0,0,1,0.9999914
2023,6,17,20,0.0,0,0,0.000924801
2019,7,7,42,0.0,0,0,1.8858871e-06
2021,11,3,30,0.0,0,0,2.332514e-05
2023,1,37,35,0.0,0,1,0.99295604
2022,2,21,47,0.0,1,0,3.6101683e-06
2021,8,52,24,0.0,0,1,0.99999774
2022,5,22,26,0.0,0,0,0.00020577497
2023,8,35,31,0.0,0,1,0.9998012
2022,4,0,35,0.0,0,0,5.0840617e-06
2022,1,45,13,0.0,0,1,0.9999987
2022,6,0,45,0.0,0,0,1.4205878e-06
2023,1,7,19,0.0,0,0,8.206311e-05
2021,13,21,28,0.0,0,0,7.489592e-05
2023,10,23,21,0.0,0,1,0.99883145
2022,10,27,3,0.0,0,1,0.99996805
2022,2,7,49,0.0,0,0,1.4477763e-06
2023,1,34,19,0.0,0,1,0.9999924
2019,14,25,38,0.0,0,0,1.8658526e-05
2022,11,21,46,0.0,0,0,3.6734286e-06
2022,7,52,17,0.0,0,1,0.9999987
2020,5,66,14,0.0,0,1,0.9999987
2022,1,35,37,0.0,0,0,0.0060768314
2020,10,28,38,0.0,0,0,5.040174e-05
2019,5,31,13,0.0,0,1,0.9999902
2021,10,3,24,0.0,0,0,6.415036e-05
2023,11,3,55,0.0,0,0,1.9124075e-06
2023,7,47,3,0.0,0,1,0.99999857
2023,12,49,21,0.0,0,1,0.99999857
2022,3,38,7,0.0,0,1,0.9999969
2022,3,0,42,0.0,0,0,2.2677323e-06
2022,1,31,13,0.0,0,1,0.99999166
2019,9,35,34,0.0,0,1,0.9888271
2022,11,36,33,0.0,0,1,0.9989048
2021,6,41,7,0.0,0,1,0.9999981
2021,11,41,3,0.0,0,1,0.9999976
2023,1,31,28,0.0,0,1,0.9998472
2021,6,27,30,0.0,0,0,0.0005281156
2023,1,36,28,0.0,0,1,0.9999809
2023,7,24,6,0.0,0,1,0.9999682
2020,11,38,10,0.0,0,1,0.9999968
2020,4,29,13,0.0,0,1,0.9999883
2023,8,14,45,0.0,0,0,1.7495232e-06
2023,6,6,24,0.0,0,0,2.0111906e-05
2022,8,55,0,0.0,0,1,0.9999988
2020,5,37,30,0.0,0,1,0.9998764
2022,2,40,45,0.0,0,0,8.767113e-05
2022,9,37,13,0.0,0,1,0.99999464
2023,3,42,0,0.0,0,1,0.99999833
2023,6,10,24,0.0,0,0,2.493449e-05
2022,12,38,17,0.0,0,1,0.99999416
2023,11,33,28,0.0,0,1,0.9998821
2023,3,27,55,0.0,0,0,3.2950877e-06
2022,8,21,27,0.0,0,0,5.7249632e-05
2023,5,52,20,0.0,0,1,0.99999857
2023,6,7,41,0.0,0,0,1.6806785e-06
2023,12,24,23,0.0,0,1,0.9941413
2021,3,37,39,0.0,0,0,0.0034037444
2022,10,45,7,0.0,0,1,0.9999987
2022,9,28,52,0.0,0,0,3.552375e-06
2023,4,33,0,0.0,0,1,0.99999106
2021,12,48,17,0.0,0,1,0.99999857
2021,7,42,24,0.0,0,1,0.9999956
2019,11,42,41,0.0,0,1,0.9890859
2022,2,55,27,0.0,0,1,0.99999774
2019,6,44,0,0.0,0,1,0.9999982
2022,5,27,30,0.0,0,0,0.00038946705
2023,6,14,39,0.0,0,0,2.6104617e-06
2022,2,13,28,0.0,0,0,2.538082e-05
2023,1,24,3,0.0,0,1,0.99997723
2021,9,21,41,0.0,0,0,4.9163814e-06
2019,5,17,27,0.0,0,0,2.9148554e-05
2021,3,38,42,0.0,0,0,0.0010370348
2022,3,25,21,0.0,0,1,0.9997849
2022,1,30,27,0.0,0,1,0.99975044
2023,6,35,21,0.0,0,1,0.99999225
2022,7,14,15,0.0,0,0,0.018965973
2023,3,10,38,0.0,0,0,3.4527868e-06
2019,4,72,20,0.0,0,1,0.99999857
2021,6,17,29,0.0,0,0,2.315029e-05
2023,4,7,41,0.0,0,0,1.9747968e-06
2022,8,40,22,0.0,0,1,0.9999906
2022,8,42,28,0.0,0,1,0.9999895
2022,11,28,45,0.0,0,0,8.687067e-06
2022,6,21,42,0.0,0,0,3.4302718e-06
2022,13,49,27,0.0,0,1,0.99999595
2022,11,56,36,0.0,0,1,0.99999297
2022,8,20,14,0.0,0,1,0.99988043
2022,11,45,12,0.0,0,1,0.99999857
2022,1,15,44,0.0,0,0,3.5275884e-06
2022,8,24,44,0.0,0,0,5.5669875e-06
2023,5,43,7,0.0,0,1,0.99999833
2023,4,7,0,0.0,0,1,0.9767469
2019,2,24,21,0.0,0,1,0.9997397
2021,4,28,16,0.0,0,1,0.99998426
2019,7,38,6,0.0,0,1,0.99999654
2022,11,35,34,0.0,0,1,0.9850786
2023,6,27,28,0.0,0,0,0.009420524
2023,2,44,7,0.0,0,1,0.99999845
2023,1,41,35,0.0,0,1,0.99981314
2021,13,17,27,0.0,0,0,4.8410093e-05
2021,12,21,28,0.0,0,0,7.489592e-05
2019,7,21,34,0.0,0,0,1.31281095e-05
2023,4,44,0,0.0,0,1,0.9999981
2023,6,20,26,0.0,0,0,6.0720617e-05
2022,1,27,37,0.0,0,0,4.8522867e-05
2022,10,17,52,0.0,0,0,2.9474545e-06
2022,9,35,10,0.0,0,1,0.99999464
2022,8,7,23,0.0,0,0,2.8606411e-05
2022,10,3,68,0.0,0,0,3.4973339e-06
2023,9,46,42,0.0,0,1,0.9996891
2022,12,3,23,0.0,0,0,7.74179e-05
2023,11,36,27,0.0,0,1,0.9999751
2019,7,30,28,0.0,0,1,0.9984713
2022,5,35,14,0.0,0,1,0.9999938
2023,11,34,14,0.0,0,1,0.9999912
2023,6,27,0,0.0,0,1,0.99996626
2021,8,64,7,0.0,0,1,0.9999988
2019,12,38,33,0.0,0,1,0.9998155
2022,7,10,39,0.0,0,0,2.1620867e-06
2022,8,31,27,0.0,0,1,0.9998512
2019,12,30,6,0.0,0,1,0.9999858
2022,1,10,17,0.0,0,0,0.0001847731
2023,8,36,56,0.0,0,0,1.0475057e-05
2022,3,0,24,0.0,1,0,3.1722768e-05
2022,8,17,14,0.0,0,1,0.9994363
2020,11,27,21,0.0,0,1,0.99993575
2019,3,28,14,0.0,0,1,0.9999864
2019,12,31,13,0.0,0,1,0.9999893
2021,2,10,7,0.0,0,1,0.99556315
2022,10,20,55,0.0,0,0,3.2023643e-06
2019,13,45,42,0.0,0,1,0.9995689
2022,7,17,35,0.0,0,0,5.5832834e-06
2023,8,45,10,0.0,0,1,0.9999988
2023,4,44,0,0.0,0,1,0.9999981
2021,1,24,7,0.0,1,1,0.9999796
2019,5,28,30,0.0,0,0,0.0023529362
2023,6,21,7,0.0,0,1,0.99994636
2023,12,0,1,0.0,0,0,0.1294015
2021,2,29,10,0.0,0,1,0.9999893
2022,7,39,41,0.0,0,0,0.0115796
2021,7,20,34,0.0,0,0,1.09598095e-05
2022,2,42,3,0.0,0,1,0.9999982
2022,3,31,28,0.0,0,1,0.9998388
2023,5,26,28,0.0,0,0,0.0019652506
2023,9,35,31,0.0,0,1,0.99983037
2022,11,21,56,0.0,0,0,2.5482257e-06
2021,4,59,7,0.0,0,1,0.9999988
2021,3,10,51,0.0,0,0,1.6492796e-06
2023,9,40,0,0.0,0,1,0.999997
2022,12,20,13,0.0,0,1,0.9999075
2021,5,28,26,0.0,0,1,0.99922884
2019,1,38,14,0.0,0,1,0.99999654
2022,8,30,6,0.0,0,1,0.999984
2021,8,42,28,0.0,0,1,0.9999912
2022,2,25,45,0.0,0,0,6.7948954e-06
2020,14,45,21,0.0,0,1,0.99999833
2022,10,35,34,0.0,0,1,0.98967385
2022,10,26,22,0.0,0,1,0.9997025
2023,11,17,14,0.0,0,1,0.99949217
2021,3,27,30,0.0,0,0,0.000696307
2021,12,0,38,0.0,0,0,4.7023896e-06
2019,11,59,51,0.0,0,1,0.99484247
2022,2,33,24,0.0,0,1,0.9999777
2023,11,23,6,0.0,0,1,0.9999614
2022,12,6,35,0.0,0,0,7.4702334e-06
2023,2,21,24,0.0,0,0,0.00033194062
2022,5,69,0,0.0,0,1,0.99999845
2022,7,16,45,0.0,0,0,1.6879629e-06
2023,8,14,42,0.0,0,0,2.0942298e-06
2023,8,21,14,0.0,0,1,0.99993634
2023,10,27,12,0.0,0,1,0.99997187
2021,12,21,45,0.0,0,0,3.6439346e-06
2019,7,13,27,0.0,0,0,2.4907968e-05
2022,1,41,9,0.0,0,1,0.9999981
2022,4,32,14,0.0,0,1,0.99998987
2021,2,13,7,0.0,0,1,0.9991678
2023,8,7,35,0.0,0,0,4.18934e-06
2022,3,32,26,0.0,0,1,0.99996126
2021,7,21,48,0.0,0,0,3.0986328e-06
2022,7,13,15,0.0,0,0,0.0016865507
2022,8,60,7,0.0,0,1,0.9999987
2022,7,7,12,0.0,0,0,0.0003952028
2021,5,7,31,0.0,0,0,7.0575375e-06
2021,12,52,3,0.0,0,1,0.9999988
2019,13,45,24,0.0,0,1,0.99999726
2019,6,28,38,0.0,0,0,3.1941272e-05
2023,5,70,14,0.0,0,1,0.99999857
2021,10,24,21,0.0,0,1,0.999806
2022,10,28,31,0.0,0,0,0.00043326066
2019,5,27,45,0.0,0,0,7.999702e-06
2022,8,50,14,0.0,0,1,0.9999987
2020,12,30,17,0.0,0,1,0.9999827
2022,2,18,7,0.0,0,1,0.99991834
2023,10,35,42,0.0,0,0,0.00010496462
2022,2,27,34,0.0,0,0,6.756074e-05
2019,5,23,6,0.0,0,1,0.9999652
2021,10,41,35,0.0,0,1,0.999866
2023,7,38,21,0.0,0,1,0.9999944
2021,2,38,46,0.0,0,0,5.9412556e-05
2022,2,45,12,0.0,0,1,0.9999988
2022,2,34,21,0.0,0,1,0.9999906
2020,13,52,17,0.0,0,1,0.9999987
2023,6,21,28,0.0,0,0,4.196089e-05
2021,3,45,14,0.0,0,1,0.9999987
2022,4,28,20,0.0,0,1,0.9999784
2021,13,37,10,0.0,0,1,0.9999956
2022,9,38,52,0.0,0,0,2.5950922e-05
2022,11,21,24,0.0,0,0,0.00045668404
2022,9,20,44,0.0,0,0,3.4651175e-06
2022,9,45,38,0.0,0,1,0.9999777
2019,4,49,10,0.0,0,1,0.99999905
2019,2,62,10,0.0,0,1,0.9999989
2019,8,27,38,0.0,0,0,2.0280895e-05
2022,2,49,7,0.0,0,1,0.9999989
2021,1,6,12,0.0,0,0,0.00043221063
2023,9,50,7,0.0,0,1,0.99999905
2019,8,35,3,0.0,0,1,0.99999535
2023,8,21,37,0.0,0,0,7.3493356e-06
2022,7,41,22,0.0,0,1,0.9999943
2020,11,24,62,0.0,0,0,3.744134e-06
2021,8,23,3,0.0,0,1,0.9999641
2021,11,48,23,0.0,0,1,0.9999982
2023,3,42,14,0.0,0,1,0.99999833
2021,13,10,52,0.0,0,0,1.5922302e-06
2021,5,13,52,0.0,0,0,1.2599318e-06
2023,6,13,31,0.0,0,0,8.635039e-06
2022,13,30,37,0.0,0,0,0.00011608859
2023,6,38,14,0.0,0,1,0.99999547
2023,3,20,10,0.0,0,1,0.99993443
2021,14,21,45,0.0,1,0,3.951675e-06
2023,5,24,17,0.0,0,1,0.9999548
2021,4,28,14,0.0,0,1,0.99998546
2021,3,3,25,0.0,0,0,3.2290787e-05
2023,8,17,27,0.0,0,0,2.7057662e-05
2022,9,31,24,0.0,0,1,0.99995935
2020,8,14,33,0.0,0,0,7.539298e-06
2021,8,56,13,0.0,0,1,0.99999905
2021,5,3,6,0.0,0,0,0.38083836
2023,3,22,14,0.0,0,1,0.999959
2022,3,7,44,0.0,0,0,1.853912e-06
2019,1,49,28,0.0,0,1,0.99999607
2023,8,28,0,0.0,0,1,0.9999821
2021,3,31,26,0.0,0,1,0.9999517
2023,8,35,0,0.0,0,1,0.99999416
2021,2,45,42,0.0,0,1,0.99939024
2021,4,10,35,0.0,0,0,5.337209e-06
2019,1,15,10,0.0,0,1,0.9997408
2023,13,11,24,0.0,0,0,5.0894054e-05
2022,5,48,20,0.0,0,1,0.9999982
2023,2,14,68,0.0,0,0,1.9594474e-06
2021,9,26,20,0.0,0,1,0.9999181
2022,10,27,10,0.0,0,1,0.99997103
2019,4,17,23,0.0,0,0,0.00012918327
2019,7,24,20,0.0,0,1,0.9998319
2021,3,35,14,0.0,0,1,0.9999957
2023,2,14,7,0.0,0,1,0.99970883
2021,2,7,53,0.0,0,0,1.2323205e-06
2022,3,32,34,0.0,0,0,0.0061778976
2019,12,0,16,0.0,0,0,0.000352855
2023,11,7,17,0.0,0,0,0.00014746621
2022,6,23,27,0.0,0,0,0.00021858753
2019,4,6,22,0.0,0,0,3.076665e-05
2020,11,58,14,0.0,0,1,0.9999987
2023,3,49,10,0.0,0,1,0.99999905
2020,12,24,2,0.0,0,1,0.9999696
2023,8,28,21,0.0,0,1,0.99996686
2021,8,30,0,0.0,0,1,0.99998665
2023,1,48,30,0.0,0,1,0.99999094
2023,9,10,24,0.0,0,0,3.1447224e-05
2019,4,27,16,0.0,0,1,0.99997044
2021,3,45,13,0.0,0,1,0.9999988
2022,9,58,7,0.0,0,1,0.9999988
2022,6,23,20,0.0,0,1,0.9995888
2021,13,14,31,0.0,0,0,1.5189985e-05
2022,11,58,21,0.0,0,1,0.99999833
2021,6,20,16,0.0,0,1,0.9997248
2022,8,12,56,0.0,0,0,1.3770976e-06
2023,6,12,28,0.0,0,0,1.7972872e-05
2021,7,0,58,0.0,0,0,1.4823609e-06
2023,1,58,7,0.0,0,1,0.9999988
2022,7,27,7,0.0,0,1,0.9999691
2019,4,30,48,0.0,0,0,8.360841e-06
2023,3,17,66,0.0,0,0,2.1845165e-06
2022,4,10,17,0.0,0,0,0.00016401819
2023,8,8,56,0.0,0,0,1.324645e-06
2019,3,24,27,0.0,0,0,0.00085190637
2022,14,21,24,0.0,0,0,0.0004337245
2019,5,24,18,0.0,0,1,0.9999243
2022,2,34,21,0.0,0,1,0.9999906
2021,4,38,9,0.0,0,1,0.9999968
2021,1,30,14,0.0,0,1,0.99998903
2021,3,36,22,0.0,0,1,0.99999225
2023,2,21,10,0.0,0,1,0.9999502
2022,6,38,28,0.0,0,1,0.99997497
2023,3,34,30,0.0,0,1,0.9994312
2022,4,34,14,0.0,0,1,0.9999925
2023,11,45,21,0.0,0,1,0.99999833
2022,11,14,37,0.0,0,0,6.1300807e-06
2023,1,14,28,0.0,0,0,3.1374133e-05
2019,6,22,38,0.0,0,0,7.98768e-06
2021,11,17,49,0.0,0,0,2.2134307e-06
2019,4,76,5,0.0,0,1,0.9999987
2022,8,34,24,0.0,0,1,0.99996674
2022,11,49,14,0.0,0,1,0.9999987
2021,3,13,19,0.0,0,0,0.00016361363
2021,1,40,35,0.0,0,1,0.99961036
2021,1,48,10,0.0,0,1,0.99999905
2021,5,20,13,0.0,0,1,0.99992406
2019,8,23,42,0.0,0,0,6.6545367e-06
2019,9,38,14,0.0,0,1,0.9999968
2022,4,38,33,0.0,0,1,0.99977833
2022,2,54,14,0.0,0,1,0.9999989
2023,11,3,11,0.0,0,0,0.0011187531
2022,3,22,28,0.0,0,0,9.698945e-05
2021,2,29,26,0.0,0,1,0.9998404
2023,6,38,35,0.0,0,1,0.99874973
2022,9,29,36,0.0,0,0,8.9108034e-05
2023,9,20,14,0.0,0,1,0.99989235
2021,3,63,26,0.0,0,1,0.999998
2021,7,14,35,0.0,0,0,5.985258e-06
2019,13,14,11,0.0,0,1,0.9995572
2023,5,14,70,0.0,0,0,1.8284486e-06
2022,11,38,12,0.0,0,1,0.9999958
2022,12,17,47,0.0,0,0,2.180518e-06
2019,14,41,27,0.0,0,1,0.99998987
2023,4,48,17,0.0,0,1,0.9999987
2023,3,59,19,0.0,0,1,0.9999987
2022,5,38,17,0.0,0,1,0.99999523
2019,7,45,14,0.0,0,1,0.9999987
2019,10,0,27,0.0,0,0,4.63263e-05
2023,8,34,10,0.0,0,1,0.99999225
2023,11,34,14,0.0,0,1,0.9999912
2021,1,7,44,0.0,0,0,2.5755403e-06
2023,3,23,19,0.0,0,1,0.9998605
2022,3,6,17,0.0,0,0,7.152084e-05
2021,4,52,33,0.0,0,1,0.9999938
2019,3,21,12,0.0,0,1,0.9999497
2021,4,7,69,0.0,0,0,1.4312367e-06
2023,9,27,23,0.0,0,1,0.9997061
2023,12,14,49,0.0,0,0,2.0074356e-06
2022,3,38,28,0.0,0,1,0.999985
2023,1,17,20,0.0,0,0,0.0012453366
2019,13,40,7,0.0,0,1,0.99999714
2021,10,16,26,0.0,0,0,7.6650904e-05
2023,7,46,0,0.0,0,1,0.99999857
2020,10,14,41,0.0,0,0,4.847168e-06
2023,8,17,63,0.0,0,0,2.1335502e-06
2021,5,22,6,0.0,0,1,0.9999565
2023,8,21,45,0.0,0,0,3.1206223e-06
2019,4,21,35,0.0,0,0,1.2484658e-05
2023,7,50,13,0.0,0,1,0.9999989
2022,7,29,27,0.0,0,1,0.999268
2021,8,34,16,0.0,0,1,0.99999213
2023,6,6,61,0.0,0,0,1.5035923e-06
2021,11,3,38,0.0,0,0,4.951427e-06
2021,10,14,48,0.0,0,0,3.3749784e-06
2019,2,56,14,0.0,0,1,0.99999905
2023,1,35,10,0.0,0,1,0.9999962
2023,5,14,30,0.0,0,0,1.458669e-05
2022,10,17,35,0.0,0,0,1.2386937e-05
2022,13,18,17,0.0,0,1,0.9470203
2022,8,14,31,0.0,0,0,8.303835e-06
2023,11,41,14,0.0,0,1,0.9999976
2022,6,14,31,0.0,0,0,8.303835e-06
2023,2,30,33,0.0,0,0,0.00078419165
2021,9,28,13,0.0,0,1,0.9999857
2023,11,10,48,0.0,0,0,2.0138555e-06
2023,1,34,52,0.0,0,0,7.603605e-06
2023,9,40,12,0.0,0,1,0.9999974
2023,1,20,13,0.0,0,1,0.9999299
2019,7,28,41,0.0,0,0,1.7897273e-05
2022,7,7,43,0.0,0,0,1.5323052e-06
2019,11,37,14,0.0,0,1,0.99999523
2022,5,16,24,0.0,0,0,3.2693693e-05
2021,8,45,22,0.0,0,1,0.9999969
2021,5,18,16,0.0,0,1,0.99837303
2022,12,45,21,0.0,0,1,0.9999981
2021,11,31,28,0.0,0,1,0.999796
2023,9,44,27,0.0,0,1,0.99999285
2021,2,54,7,0.0,0,1,0.99999917
2023,8,55,3,0.0,0,1,0.9999989
2023,11,41,3,0.0,0,1,0.9999976
2022,12,26,21,0.0,0,1,0.99987483
2023,8,38,14,0.0,0,1,0.9999957
2023,5,49,48,0.0,0,1,0.22254281
2023,10,34,37,0.0,0,0,0.001031168
2022,7,13,24,0.0,0,0,2.705805e-05
2022,9,31,35,0.0,0,0,0.00049002597
2019,14,27,17,0.0,0,1,0.99995613
2020,13,41,38,0.0,0,1,0.9982497
2021,7,17,42,0.0,0,0,2.4424085e-06
2022,5,75,3,0.0,0,1,0.99999845
2022,13,27,14,0.0,0,1,0.9999628
2023,1,7,41,0.0,0,0,2.9424048e-06
2023,4,34,37,0.0,0,0,0.0005362363
2022,3,7,45,0.0,0,0,1.5521723e-06
2021,11,30,10,0.0,0,1,0.9999881
2022,6,24,31,0.0,0,0,3.1765754e-05
2019,10,44,10,0.0,0,1,0.99999857
2023,4,59,21,0.0,0,1,0.99999845
2021,7,14,21,0.0,0,0,6.224263e-05
2022,11,34,3,0.0,0,1,0.9999906
2021,7,59,35,0.0,0,1,0.9999956
2023,1,38,17,0.0,0,1,0.9999964
2019,2,24,6,0.0,0,1,0.9999751
2023,10,24,38,0.0,0,0,1.8800183e-05
2019,1,43,14,0.0,0,1,0.99999833
2019,14,24,14,0.0,0,1,0.99996805
2023,11,21,27,0.0,0,0,0.00011892602
2022,10,68,0,0.0,0,1,0.9999987
2022,9,21,31,0.0,0,0,1.7923696e-05
2022,9,42,0,0.0,0,1,0.9999982
2019,7,28,24,0.0,0,1,0.9998821
2022,5,38,20,0.0,0,1,0.9999939
2023,8,7,28,0.0,0,0,1.3319491e-05
2019,8,36,10,0.0,0,1,0.9999962
2022,2,84,20,0.0,0,1,0.99999845
2020,12,45,0,0.0,0,1,0.99999845
2021,10,49,31,0.0,0,1,0.9999949
2022,12,41,10,0.0,0,1,0.9999976
2023,7,27,21,0.0,0,1,0.99993014
2023,13,31,38,0.0,0,0,6.356424e-05
2023,12,34,10,0.0,0,1,0.999992
2022,7,40,49,0.0,0,0,3.3244174e-05
2023,7,49,7,0.0,0,1,0.9999989
2022,11,55,8,0.0,0,1,0.9999989
2023,6,7,44,0.0,0,0,1.5696064e-06
2019,7,24,0,0.0,0,1,0.9999722
2023,4,22,16,0.0,0,1,0.999938
2023,9,48,13,0.0,0,1,0.9999989
2023,4,59,32,0.0,0,1,0.99999356
2022,4,13,48,0.0,0,0,1.6466221e-06
2022,6,7,27,0.0,0,0,1.4430302e-05
2022,8,55,13,0.0,0,1,0.9999989
2022,11,57,3,0.0,0,1,0.9999988
2023,10,44,8,0.0,0,1,0.99999833
2020,13,24,27,0.0,0,0,0.000954538
2021,4,38,21,0.0,0,1,0.9999956
2019,4,38,3,0.0,0,1,0.99999666
2023,5,55,16,0.0,0,1,0.9999988
2022,3,48,58,0.0,0,0,0.00042906465
2023,9,14,52,0.0,0,0,1.5381968e-06
2023,11,30,31,0.0,0,0,0.010608233
2019,6,45,35,0.0,0,1,0.999982
2020,14,49,9,0.0,0,1,0.9999988
2021,4,21,24,0.0,0,0,0.00029178927
2019,13,49,30,0.0,0,1,0.99999225
2021,1,38,17,0.0,0,1,0.9999964
2023,6,17,10,0.0,0,1,0.99990296
2022,9,13,23,0.0,0,0,5.143598e-05
2023,4,35,15,0.0,0,1,0.999995
2021,6,7,44,0.0,0,0,1.6993873e-06
2020,14,16,13,0.0,0,1,0.99914217
2022,10,7,21,0.0,0,0,6.839488e-05
2023,6,0,21,0.0,0,0,2.895067e-05
2021,6,27,7,0.0,0,1,0.99997413
2019,13,22,38,0.0,0,0,1.2414727e-05
2021,11,3,42,0.0,0,0,3.2533092e-06
2022,9,34,7,0.0,0,1,0.99999154
2023,1,17,14,0.0,0,1,0.99956495
2021,10,51,14,0.0,0,1,0.99999905
2022,1,14,39,0.0,0,0,4.499415e-06
2019,6,31,42,0.0,0,0,2.6153279e-05
2021,10,10,31,0.0,0,0,1.670029e-05
2023,8,27,31,0.0,0,0,0.00012208318
2023,12,30,43,0.0,0,0,2.4570763e-05
2021,4,20,28,0.0,0,0,3.8677073e-05
2021,9,8,19,0.0,0,0,7.4837524e-05
2023,1,34,31,0.0,0,1,0.99920565
2023,7,24,3,0.0,0,1,0.9999682
2022,9,48,26,0.0,0,1,0.9999962
2023,6,20,7,0.0,0,1,0.9999273
2023,3,69,0,0.0,0,1,0.9999987
2023,7,28,8,0.0,0,1,0.999984
2019,3,35,3,0.0,0,1,0.9999957
2023,1,27,44,0.0,0,0,1.40593775e-05
2019,12,10,47,0.0,0,0,1.907657e-06
2022,8,42,45,0.0,0,0,0.0039630136
2022,11,66,6,0.0,0,1,0.99999845
2019,12,26,21,0.0,0,1,0.9998908
2023,11,24,0,0.0,0,1,0.99996924
2023,3,7,57,0.0,0,0,1.5346188e-06
2023,3,16,24,0.0,0,0,5.0494597e-05
2021,12,11,41,0.0,0,0,2.9945497e-06
2022,3,23,31,0.0,0,0,4.4753182e-05
2020,13,16,45,0.0,0,0,2.5147842e-06
2023,2,12,14,0.0,0,0,0.001577293
2021,5,27,17,0.0,0,1,0.9999672
2022,2,39,42,0.0,0,0,0.0011796032
2022,1,38,14,0.0,0,1,0.99999654
2020,1,59,0,0.0,0,1,0.9999987
2022,4,3,0,0.0,0,1,0.70385104
2023,1,34,11,0.0,0,1,0.99999416
2023,5,20,27,0.0,0,0,3.9200982e-05
2021,6,12,26,0.0,0,0,2.9842246e-05
2019,8,0,21,0.0,0,0,3.470769e-05
2022,8,10,16,0.0,0,0,0.00025157194
2022,4,53,16,0.0,0,1,0.9999988
2020,13,24,21,0.0,0,1,0.99979204
2021,9,38,35,0.0,0,1,0.99927074
2023,11,49,23,0.0,0,1,0.9999981
2022,3,34,24,0.0,0,1,0.9999821
2021,3,31,27,0.0,0,1,0.99992883
2020,8,34,36,0.0,0,0,0.00080064527
2019,3,30,27,0.0,0,1,0.99975675
2019,8,52,14,0.0,0,1,0.9999989
2020,7,39,37,0.0,0,1,0.99678683
2019,10,20,35,0.0,0,0,2.0491543e-05
2023,6,14,42,0.0,0,0,2.000903e-06
2019,3,50,0,0.0,0,1,0.99999905
2023,11,33,10,0.0,0,1,0.9999908
2022,10,0,32,0.0,0,0,1.5406222e-05
2022,7,41,10,0.0,0,1,0.999998
2023,8,0,39,0.0,0,0,2.3837629e-06
2019,4,24,31,0.0,0,0,3.9204122e-05
2022,10,17,25,0.0,0,0,7.8533536e-05
2022,1,13,31,0.0,0,0,1.38696605e-05
2023,8,13,19,0.0,0,0,0.00014569299
2022,9,21,24,0.0,0,0,0.0002680363
2023,1,24,14,0.0,0,1,0.99997604
2019,11,27,20,0.0,0,1,0.9999542
2022,9,42,31,0.0,0,1,0.9999807
2022,11,42,0,0.0,0,1,0.99999785
2021,4,47,41,0.0,0,1,0.99973756
2023,1,29,33,0.0,0,0,0.0004791563
2022,5,21,26,0.0,0,0,0.000119709024
2021,9,30,20,0.0,0,1,0.9999825
2019,4,49,7,0.0,0,1,0.99999905
2023,3,14,13,0.0,0,1,0.98652005
2019,13,31,27,0.0,1,1,0.9999014
2023,11,59,0,0.0,0,1,0.99999857
2022,3,14,63,0.0,0,0,1.8939327e-06
2022,14,13,48,0.0,0,0,2.0627965e-06
2021,5,14,51,0.0,0,0,1.5280921e-06
2023,1,31,7,0.0,0,1,0.9999919
2023,10,21,28,0.0,0,0,7.978401e-05
2021,2,26,35,0.0,0,0,6.1393104e-05
2022,5,30,27,0.0,0,1,0.99954224
2022,5,17,31,0.0,0,0,9.257636e-06
2019,12,17,20,0.0,0,0,0.0016467315
2023,4,17,7,0.0,0,1,0.9999298
2022,8,16,51,0.0,0,0,1.5425569e-06
2023,8,31,28,0.0,0,1,0.99972445
2022,7,67,20,0.0,0,1,0.9999982
2021,13,27,24,0.0,0,1,0.9995726
2022,1,26,16,0.0,0,1,0.9999678
2022,3,32,29,0.0,0,1,0.9994025
2019,4,52,10,0.0,0,1,0.99999905
2019,6,35,42,0.0,0,0,6.0911774e-05
2021,4,37,14,0.0,0,1,0.9999957
2023,2,45,24,0.0,0,1,0.9999974
2022,9,28,20,0.0,0,1,0.99996877
2023,5,35,17,0.0,0,1,0.9999938
2022,8,45,7,0.0,0,1,0.99999857
2023,1,24,27,0.0,0,0,0.0009456822
2019,9,37,34,0.0,0,1,0.99831164
2020,11,24,25,0.0,0,0,0.024473289
2019,2,38,3,0.0,0,1,0.99999666
2022,8,24,28,0.0,0,0,0.00013941828
2022,2,31,21,0.0,0,1,0.9999863
2022,9,23,19,0.0,0,1,0.99976045
2021,9,35,28,0.0,0,1,0.999972
2021,4,22,16,0.0,0,1,0.99993753
2019,12,21,38,0.0,0,0,8.789433e-06
2023,8,21,48,0.0,0,0,3.0358847e-06
2019,11,31,24,0.0,0,1,0.9999713
2021,5,30,31,0.0,0,0,0.009701886
2023,9,42,27,0.0,0,1,0.9999932
2022,3,10,56,0.0,0,0,1.5821358e-06
2023,11,41,24,0.0,0,1,0.99999416
2022,8,17,46,0.0,0,0,1.6695677e-06
2023,3,49,31,0.0,0,1,0.9999914
2019,7,14,20,0.0,0,0,0.00017964697
2023,8,27,0,0.0,0,1,0.9999678
2022,10,50,21,0.0,0,1,0.9999988
2022,11,10,14,0.0,0,0,0.0005426715
2021,5,59,33,0.0,0,1,0.9999951
2022,4,35,27,0.0,0,1,0.9999747
2023,5,70,10,0.0,0,1,0.9999987
2022,1,56,24,0.0,0,1,0.99999845
2023,9,38,27,0.0,0,1,0.99998176
2022,9,0,55,0.0,0,0,1.5117549e-06
2019,12,17,12,0.0,0,1,0.9997459
2021,5,7,31,0.0,0,0,7.0575375e-06
2023,7,24,0,0.0,0,1,0.9999682
2023,7,30,13,0.0,0,1,0.9999864
2023,4,6,20,0.0,0,0,6.609177e-05
2023,8,21,28,0.0,0,0,4.186177e-05
2021,7,30,28,0.0,0,1,0.99842584
2019,13,37,14,0.0,0,1,0.999995
2021,4,16,19,0.0,0,0,0.0010191764
2021,11,56,28,0.0,0,1,0.999997
2019,4,45,10,0.0,0,1,0.9999988
2023,1,41,27,0.0,0,1,0.99999225
2021,11,51,27,0.0,0,1,0.999997
2022,9,21,49,0.0,0,0,2.981467e-06
2019,9,25,35,0.0,0,0,3.294404e-05
2023,5,27,29,0.0,0,0,0.0012647135
2023,3,38,45,0.0,0,0,9.225374e-05
2022,7,14,16,0.0,0,0,0.006620662
2021,11,24,52,0.0,0,0,2.8960415e-06
2022,14,23,22,0.0,0,1,0.92975116
2020,2,27,6,0.0,0,1,0.9999747
2022,10,20,27,0.0,0,0,7.2777264e-05
2021,4,48,34,0.0,0,1,0.9999875
2023,9,15,16,0.0,0,0,0.82725745
2022,11,51,22,0.0,0,1,0.99999774
2021,7,35,38,0.0,0,0,0.0005531362
2022,3,14,51,0.0,0,0,1.8028242e-06
2022,7,17,10,0.0,0,1,0.99990046
2021,3,49,21,0.0,0,1,0.9999989
2021,4,34,35,0.0,0,0,0.016636971
2019,5,27,31,0.0,1,0,0.0001360933
2019,14,39,30,0.0,0,1,0.9999461
2022,7,34,7,0.0,0,1,0.9999913
2021,9,6,24,0.0,0,0,3.2014646e-05
2023,4,7,10,0.0,0,0,0.001243702
2022,11,14,31,0.0,0,0,1.324894e-05
2021,2,42,14,0.0,0,1,0.99999845
2019,7,20,10,0.0,0,1,0.99993515
2019,10,52,26,0.0,0,1,0.99999774
2021,10,6,38,0.0,0,0,5.7544808e-06
2019,12,14,38,0.0,0,0,4.927661e-06
2019,10,7,21,0.0,0,0,7.840663e-05
2022,10,27,0,0.0,0,1,0.99996805
2023,4,49,28,0.0,0,1,0.9999951
2021,5,21,42,0.0,0,0,4.0996183e-06
2021,4,63,43,0.0,0,1,0.999959
2022,9,30,7,0.0,0,1,0.9999863
2019,3,30,17,0.0,0,1,0.99998796
2021,7,22,19,0.0,0,1,0.9995869
2019,3,31,34,0.0,0,0,0.0011928072
2022,9,58,48,0.0,0,1,0.99940145
2021,1,27,17,0.0,0,1,0.9999739
2022,3,68,28,0.0,1,1,0.999997
2022,12,24,21,0.0,0,1,0.99976164
2019,6,23,20,0.0,0,1,0.99966586
2023,11,0,82,0.0,0,0,2.3800578e-06
2021,9,45,17,0.0,0,1,0.9999987
2023,5,22,32,0.0,0,0,2.0580808e-05
2022,11,37,48,0.0,0,0,1.791464e-05
2023,1,10,56,0.0,0,0,2.2207043e-06
2021,2,59,27,0.0,0,1,0.99999785
2022,2,63,7,0.0,0,1,0.9999988
2021,9,7,45,0.0,0,0,1.8093833e-06
2023,4,29,25,0.0,0,1,0.99981886
2022,12,20,17,0.0,0,1,0.99894005
2022,7,28,26,0.0,0,1,0.99907815
2021,7,37,14,0.0,0,1,0.99999547
2023,10,7,49,0.0,0,0,3.0563647e-06
2019,13,31,28,0.0,0,1,0.99979144
2020,12,47,14,0.0,0,1,0.99999857
2020,10,17,13,0.0,0,1,0.9997973
2023,9,40,13,0.0,0,1,0.99999726
2019,4,34,20,0.0,0,1,0.99999094
2022,10,56,14,0.0,0,1,0.9999989
2022,2,20,21,0.0,0,0,0.0044576386
2023,2,48,17,0.0,0,1,0.9999988
2022,12,38,42,0.0,0,0,0.00081886165
2022,10,7,16,0.0,0,0,0.00030612166
2021,6,27,17,0.0,0,1,0.9999672
2023,12,13,49,0.0,0,0,1.962507e-06
2021,4,38,14,0.0,0,1,0.99999654
2021,9,14,15,0.0,0,0,0.024816588
2022,6,44,0,0.0,0,1,0.999998
2022,9,42,34,0.0,0,1,0.99997604
2023,4,14,17,0.0,0,0,0.00059116015
2019,13,15,21,0.0,0,0,0.00017208747
2021,5,55,7,0.0,0,1,0.99999905
2019,12,47,17,0.0,0,1,0.99999833
2023,1,8,28,0.0,0,0,2.322499e-05
2020,2,23,38,0.0,0,0,1.124438e-05
2023,2,42,19,0.0,0,1,0.9999982
2022,4,12,17,0.0,0,0,0.00022773475
2023,7,21,24,0.0,0,0,0.0002530531
2021,12,38,26,0.0,0,1,0.99998546
2019,1,31,13,0.0,0,1,0.9999918
2021,5,28,21,0.0,0,1,0.99997187
2021,3,41,44,0.0,0,0,0.00082393666
2019,7,46,14,0.0,0,1,0.9999987
2021,2,52,7,0.0,0,1,0.99999917
2022,2,35,38,0.0,0,0,0.00041056643
2022,12,10,34,0.0,0,0,8.429671e-06
2022,10,21,28,0.0,0,0,7.4253825e-05
2023,6,31,16,0.0,0,1,0.99998677
2021,5,36,29,0.0,0,1,0.99993
2022,4,6,23,0.0,0,0,3.552497e-05
2019,3,35,32,0.0,0,1,0.999514
2023,11,17,20,0.0,0,0,0.0016252099
2019,2,45,44,0.0,0,1,0.9717571
2023,11,35,42,0.0,0,0,6.11627e-05
2023,5,20,23,0.0,0,0,0.00022638321
2022,7,29,9,0.0,0,1,0.99998426
2022,2,33,6,0.0,0,1,0.99999106
2022,3,23,32,0.0,0,0,4.1692132e-05
2022,7,16,23,0.0,0,0,7.6988246e-05
2019,12,28,31,0.0,0,0,0.00034634143
2021,5,33,39,0.0,0,0,8.222973e-05
2023,2,49,7,0.0,0,1,0.99999905
2021,2,49,22,0.0,0,1,0.9999982
2021,6,55,28,0.0,0,1,0.9999974
2022,8,34,27,0.0,0,1,0.99994063
2023,3,30,13,0.0,0,1,0.9999896
2022,5,10,20,0.0,0,0,7.062499e-05
2022,2,19,30,0.0,0,0,2.3254177e-05
2023,3,41,3,0.0,0,1,0.999998
2020,5,14,21,0.0,0,0,6.40977e-05
2023,7,27,24,0.0,0,1,0.99950516
2020,10,49,27,0.0,0,1,0.99999726
2022,5,31,0,0.0,0,1,0.9999869
2022,1,31,14,0.0,0,1,0.99999094
2022,10,19,9,0.0,0,1,0.9999075
2021,6,29,32,0.0,0,0,0.0005985487
2022,8,45,17,0.0,0,1,0.99999845
2022,3,66,7,0.0,0,1,0.9999988
2023,6,24,10,0.0,0,1,0.99996984
2022,1,28,3,0.0,0,1,0.99998665
2022,3,35,7,0.0,0,1,0.9999958
2020,4,35,51,0.0,0,0,1.3971056e-05
2022,1,31,0,0.0,0,1,0.99999094
2021,8,27,9,0.0,0,1,0.99997306
2023,1,44,13,0.0,0,1,0.99999833
2019,13,24,66,0.0,0,0,3.8561166e-06
2023,1,42,6,0.0,1,1,0.99999833
2023,2,7,56,0.0,0,0,1.5346188e-06
2023,2,12,51,0.0,0,0,1.8079895e-06
2019,13,35,28,0.0,0,1,0.9999701
2023,2,29,14,0.0,0,1,0.9999877
2019,1,0,49,0.0,0,0,2.3829923e-06
2022,6,7,55,0.0,0,0,1.071192e-06
2023,10,35,28,0.0,0,1,0.9999708
2022,1,42,7,0.0,0,1,0.99999845
2022,10,48,36,0.0,0,1,0.99999225
2022,12,10,12,0.0,0,0,0.036235582
2022,2,51,2,0.0,0,1,0.9999989
2023,10,44,45,0.0,0,0,0.08419174
2021,10,56,21,0.0,0,1,0.99999905
2023,3,7,33,0.0,0,0,6.9694706e-06
2019,12,24,7,0.0,0,1,0.99997294
2019,2,48,17,0.0,0,1,0.9999989
2019,11,7,17,0.0,0,0,0.00015733391
2023,4,37,34,0.0,0,1,0.99771094
2021,8,6,47,0.0,0,0,1.4217317e-06
2022,3,37,0,0.0,0,1,0.9999956
2023,10,14,20,0.0,0,0,0.00029365436
2022,8,3,47,0.0,0,0,1.3979542e-06
2023,3,35,38,0.0,0,0,0.00043434554
2019,7,45,27,0.0,0,1,0.999995
2023,5,44,17,0.0,0,1,0.999998
2021,1,41,10,0.0,0,1,0.9999982
2023,6,16,44,0.0,0,0,2.2006757e-06
2023,7,21,38,0.0,0,0,5.6928116e-06
2023,4,44,31,0.0,0,1,0.9999721
2019,8,28,21,0.0,0,1,0.9999708
2023,8,3,48,0.0,0,0,1.4942735e-06
2022,6,14,41,0.0,0,0,1.9584834e-06
2023,7,41,16,0.0,0,1,0.99999774
2019,3,45,10,0.0,0,1,0.9999989
2022,7,38,14,0.0,0,1,0.99999535
2023,9,0,75,0.0,0,0,2.1872243e-06
2022,8,56,3,0.0,0,1,0.9999988
2022,10,28,31,0.0,0,0,0.00043326066
2022,9,48,21,0.0,0,1,0.99999857
2023,12,34,24,0.0,0,1,0.99997795
2021,2,17,23,0.0,0,0,0.00014410149
2021,6,38,34,0.0,0,1,0.9997272
2023,8,21,0,0.0,0,1,0.99994254
2022,1,28,14,0.0,0,1,0.99998677
2022,1,28,7,0.0,0,1,0.9999881
2021,3,44,10,0.0,0,1,0.99999857
2020,16,33,46,0.0,0,0,1.626452e-05
2023,5,14,23,0.0,0,0,5.544074e-05
2022,2,20,24,0.0,0,0,0.00012778696
2019,6,31,23,0.0,0,1,0.9999722
2022,5,42,16,0.0,0,1,0.999998
2022,3,38,26,0.0,0,1,0.9999876
2022,8,43,38,0.0,0,1,0.9998375
2021,11,36,35,0.0,0,1,0.9802188
2022,4,28,24,0.0,0,1,0.9998821
2021,6,17,63,0.0,0,0,1.8530706e-06
2021,1,17,19,0.0,0,0,0.004873921
2021,7,34,17,0.0,0,1,0.99999213
2021,11,31,29,0.0,0,1,0.99847347
2023,8,7,42,0.0,0,0,1.6464352e-06
2022,10,0,12,0.0,0,0,0.00072645984
2021,1,30,37,0.0,0,0,0.00016297337
2021,4,69,0,0.0,0,1,0.9999987
2022,1,17,49,0.0,0,0,2.872767e-06
2021,8,42,12,0.0,0,1,0.99999845
2023,2,6,37,0.0,0,0,4.2302822e-06
2023,7,24,21,0.0,0,1,0.99964607
2020,8,55,14,0.0,0,1,0.9999989
2023,5,27,23,0.0,0,1,0.99972504
2023,4,0,33,0.0,0,0,6.384172e-06
2023,8,38,3,0.0,0,1,0.9999957
2022,7,14,49,0.0,0,0,1.4194447e-06
2023,10,17,21,0.0,0,0,0.00032022255
2020,7,40,23,0.0,0,1,0.9999937
2023,2,31,24,0.0,0,1,0.9999738
2020,10,10,6,0.0,0,1,0.99936897
2021,9,13,35,0.0,0,0,6.900096e-06
2021,6,20,13,0.0,0,1,0.99992406
2023,5,19,21,0.0,0,0,0.0005908436
2023,10,26,25,0.0,0,1,0.96018994
2023,7,16,17,0.0,0,0,0.028552964
2022,1,18,34,0.0,0,0,1.3573878e-05
2020,16,28,38,0.0,1,0,3.8110593e-05
2019,14,28,10,0.0,0,1,0.99998534
2021,2,19,20,0.0,0,0,0.0071445475
2022,9,17,20,0.0,0,0,0.00096458435
2023,7,37,13,0.0,0,1,0.999995
2022,8,41,20,0.0,0,1,0.99999666
2021,5,24,0,0.0,0,1,0.9999714
2022,10,10,18,0.0,0,0,0.00014379306
2019,7,3,26,0.0,0,0,2.56761e-05
2022,10,36,38,0.0,0,0,0.0065115825
2019,10,10,38,0.0,0,0,5.8751443e-06
2020,5,41,24,0.0,0,1,0.9999945
2023,8,21,24,0.0,0,0,0.0002530531
2023,11,44,7,0.0,0,1,0.9999981
2023,3,6,29,0.0,1,0,1.751368e-05
2023,2,31,33,0.0,0,0,0.0039195735
2022,12,6,16,0.0,0,0,0.00028165412
2021,5,38,17,0.0,0,1,0.9999963
2019,5,27,16,0.0,0,1,0.99996805
2022,9,64,29,0.0,0,1,0.9999968
2023,10,56,14,0.0,0,1,0.99999905
2021,7,59,7,0.0,0,1,0.9999988
2022,7,21,19,0.0,0,1,0.9974256
2021,10,16,56,0.0,0,0,3.5676085e-06
2022,2,31,34,0.0,0,0,0.0010278402
2021,13,30,27,0.0,0,1,0.9996493
2022,11,23,38,0.0,0,0,1.2448955e-05
2022,6,66,14,0.0,0,1,0.99999845
2023,12,17,20,0.0,0,0,0.0015435942
2019,1,30,17,0.0,0,1,0.9999883
2023,3,31,17,0.0,0,1,0.99999034
2023,10,21,28,0.0,0,0,7.978401e-05
2023,4,25,45,0.0,0,0,6.509281e-06
2022,6,21,24,0.0,0,0,0.00022150401
2023,5,35,33,0.0,0,1,0.99857104
2022,8,41,47,0.0,0,0,0.00015598058
2023,4,41,7,0.0,0,1,0.9999981
2023,4,31,21,0.0,0,1,0.99998546
2022,5,15,22,0.0,0,0,6.648851e-05
2023,8,12,62,0.0,0,0,1.8550473e-06
2022,13,20,14,0.0,0,1,0.99987817
2022,9,31,14,0.0,0,1,0.99998736
2023,11,13,7,0.0,0,1,0.9992999
2021,4,0,56,0.0,0,0,1.4503632e-06
2023,1,51,27,0.0,0,1,0.9999968
2022,2,20,14,0.0,0,1,0.99989605
2022,10,20,19,0.0,0,1,0.9888602
2022,2,30,29,0.0,0,1,0.9844732
2022,4,28,32,0.0,0,0,0.0002195852
2023,3,7,63,0.0,0,0,1.6805918e-06
2022,7,47,45,0.0,0,1,0.9644078
2023,10,6,44,0.0,0,0,3.9151123e-06
2022,11,40,13,0.0,0,1,0.9999968
2020,10,30,27,0.0,0,1,0.9997104
2021,6,35,14,0.0,0,1,0.99999523
2022,11,14,17,0.0,0,0,0.00045674326
2021,5,75,0,0.0,0,1,0.9999987
2022,6,15,37,0.0,0,0,3.928423e-06
2020,9,48,11,0.0,0,1,0.99999905
2021,10,40,17,0.0,0,1,0.999997
2021,2,7,51,0.0,0,0,1.4273737e-06
2023,7,6,44,0.0,0,0,1.6681638e-06
2019,13,24,13,0.0,0,1,0.99997056
2021,4,41,7,0.0,0,1,0.9999982
2022,8,3,24,0.0,0,0,2.1410619e-05
2022,6,40,17,0.0,0,1,0.9999964
2019,2,17,36,0.0,0,0,7.3272417e-06
2022,10,31,38,0.0,0,0,9.168545e-05
2022,11,14,20,0.0,0,0,0.0002607504
2019,10,28,20,0.0,0,1,0.99997854
2023,2,45,20,0.0,0,1,0.99999845
2023,4,3,40,0.0,0,0,2.2067388e-06
2020,13,27,11,0.0,0,1,0.9999721
2020,14,18,25,0.0,0,0,9.0776935e-05
2021,6,3,38,0.0,0,0,2.8768384e-06
2019,1,36,52,0.0,0,0,1.37868965e-05
2022,7,56,27,0.0,0,1,0.99999726
2023,2,7,70,0.0,0,0,1.6805918e-06
2023,2,49,7,0.0,0,1,0.99999905
2023,9,24,21,0.0,0,1,0.99966943
2022,7,38,28,0.0,0,1,0.99997497
2021,7,21,46,0.0,0,0,3.1148156e-06
2023,6,0,7,0.0,0,0,0.0020503358
2021,9,10,48,0.0,0,0,1.7838321e-06
2019,10,24,27,0.0,0,0,0.001053389
2019,7,31,47,0.0,0,0,1.2285971e-05
2023,10,41,17,0.0,0,1,0.9999976
2023,8,34,48,0.0,0,0,1.2401558e-05
2023,9,45,28,0.0,0,1,0.99999523
2022,7,41,24,0.0,0,1,0.9999933
2023,8,12,0,0.0,0,1,0.99945587
2021,3,27,13,0.0,0,1,0.9999759
2023,5,35,27,0.0,0,1,0.99997115
2019,12,21,56,0.0,0,0,2.5347738e-06
2023,4,41,40,0.0,0,1,0.6089762
2023,7,51,14,0.0,0,1,0.9999988
2021,10,43,6,0.0,0,1,0.99999833
2022,10,35,14,0.0,0,1,0.99999404
2021,5,21,52,0.0,0,0,1.7227609e-06
2022,2,13,37,0.0,0,0,5.042237e-06
2023,5,44,20,0.0,0,1,0.9999976
2022,10,6,14,0.0,0,0,0.00029595202
2019,6,41,39,0.0,0,1,0.8782676
2019,13,21,55,0.0,0,0,2.4070503e-06
2022,3,49,20,0.0,0,1,0.9999987
2021,8,16,45,0.0,0,0,1.8761409e-06
2022,2,3,10,0.0,0,0,0.0005917117
2020,12,32,40,0.0,0,0,6.2142935e-05
2022,5,45,28,0.0,0,1,0.9999931
2022,8,28,14,0.0,0,1,0.9999808
2021,12,24,21,0.0,0,1,0.99978584
2022,9,24,17,0.0,0,1,0.99994326
2019,5,31,13,0.0,0,1,0.9999902
2023,1,33,7,0.0,0,1,0.9999927
2019,3,63,0,0.0,0,1,0.9999988
2022,13,37,27,0.0,0,1,0.99997187
2020,8,19,34,0.0,0,0,8.70381e-06
2021,7,44,0,0.0,0,1,0.9999982
2022,8,23,20,0.0,0,1,0.9995888
2022,6,27,21,0.0,0,1,0.9999201
2020,11,38,12,0.0,0,1,0.99999666
2019,9,38,7,0.0,0,1,0.99999714
2022,7,8,48,0.0,0,0,1.2531528e-06
2022,10,14,48,0.0,0,0,3.2599087e-06
2022,3,7,47,0.0,0,0,1.5274424e-06
2021,12,20,28,0.0,0,0,6.0010094e-05
2022,7,10,38,0.0,0,0,2.3459022e-06
2023,10,64,6,0.0,0,1,0.9999988
2019,14,24,21,0.0,0,1,0.99979204
2022,4,13,21,0.0,0,0,5.640722e-05
2022,9,16,22,0.0,0,0,8.1418875e-05
2022,7,43,20,0.0,0,1,0.9999975
2022,4,11,14,0.0,0,0,0.0004817248
2023,14,34,31,0.0,1,1,0.9989505
2022,8,48,24,0.0,0,1,0.99999666
2023,10,30,21,0.0,0,1,0.9999819
2022,1,49,3,0.0,1,1,0.9999988
2022,5,21,16,0.0,0,1,0.9998641
2023,12,7,35,0.0,0,0,7.904671e-06
2019,7,14,24,0.0,0,0,3.495605e-05
2021,12,20,3,0.0,0,1,0.99992335
2022,9,7,13,0.0,0,0,0.00061303005
2019,12,28,17,0.0,0,1,0.9999769
2022,5,21,23,0.0,0,0,0.00072859594
2022,1,23,13,0.0,0,1,0.9999708
2019,2,58,13,0.0,0,1,0.9999989
2022,8,31,25,0.0,0,1,0.9999145
2022,11,20,3,0.0,0,1,0.99991894
2019,7,42,28,0.0,0,1,0.9999924
2023,6,56,28,0.0,0,1,0.999997
2023,10,32,42,0.0,0,0,5.9415328e-05
2023,13,14,28,0.0,0,0,3.6004192e-05
2022,6,10,22,0.0,0,0,3.0192075e-05
2023,3,10,17,0.0,0,0,0.00017355407
2023,9,21,34,0.0,0,0,1.3220163e-05
2023,4,20,13,0.0,0,1,0.9999317
2021,13,14,38,0.0,0,0,5.1891484e-06
2022,2,24,19,0.0,0,1,0.99992585
2023,3,41,12,0.0,0,1,0.9999982
2022,6,12,33,0.0,0,0,5.7863763e-06
2023,7,22,34,0.0,0,0,1.5872341e-05
2019,3,3,21,0.0,0,0,4.3008306e-05
2022,11,0,49,0.0,0,0,1.9685558e-06
2022,11,14,35,0.0,0,0,8.747622e-06
2021,6,34,18,0.0,0,1,0.9999914
2021,13,10,7,0.0,0,1,0.9962049
2021,9,62,7,0.0,0,1,0.9999989
2022,8,70,0,0.0,0,1,0.99999845
2022,6,53,21,0.0,0,1,0.99999857
2023,11,47,15,0.0,0,1,0.99999833
2020,15,38,42,0.0,0,0,0.0010976786
2023,8,0,55,0.0,0,0,1.2872456e-06
2023,7,21,6,0.0,0,1,0.99994254
2021,6,38,35,0.0,0,1,0.9989926
2019,8,27,18,0.0,0,1,0.99996006
2019,9,34,17,0.0,0,1,0.99999213
2019,2,77,0,0.0,0,1,0.9999988
2020,8,20,9,0.0,0,1,0.9999367
2022,7,20,24,0.0,0,0,8.7534376e-05
2019,5,10,45,0.0,0,0,1.5846575e-06
2021,15,55,7,0.0,0,1,0.9999989
2019,11,42,17,0.0,0,1,0.99999774
2023,7,20,37,0.0,0,0,6.628713e-06
2021,9,14,16,0.0,0,0,0.008696758
2021,7,35,21,0.0,0,1,0.9999937
2023,2,14,24,0.0,0,0,4.256722e-05
2022,13,27,22,0.0,0,1,0.9997967
2021,8,53,21,0.0,0,1,0.9999987
2021,5,0,34,0.0,0,0,5.8858277e-06
2019,10,38,56,0.0,0,0,3.479415e-05
2019,2,28,25,0.0,0,1,0.99952865
2021,3,56,62,0.0,0,0,0.0062452294
2022,8,61,9,0.0,0,1,0.99999857
2023,5,7,40,0.0,0,0,1.6923343e-06
2022,9,38,13,0.0,0,1,0.99999607
2023,10,20,21,0.0,0,0,0.0068540173
2022,10,24,34,0.0,0,0,4.0992036e-05
2021,6,56,7,0.0,0,1,0.99999905
2023,5,36,14,0.0,0,1,0.9999943
2023,12,20,22,0.0,0,0,0.00079186726
2019,11,49,38,0.0,0,1,0.9999864
2022,1,20,34,0.0,0,0,1.7601602e-05
2022,3,28,31,0.0,0,0,0.00045873513
2023,9,21,42,0.0,0,0,4.1370636e-06
2022,10,16,14,0.0,0,1,0.996436
2022,4,48,21,0.0,0,1,0.99999845
2020,9,34,30,0.0,0,1,0.99951303
2022,9,21,28,0.0,0,0,4.4340948e-05
2022,2,43,7,0.0,0,1,0.99999845
2020,14,41,18,0.0,0,1,0.99999714
2022,6,7,30,0.0,0,0,9.503274e-06
2020,11,55,17,0.0,0,1,0.9999988
2021,4,27,45,0.0,0,0,8.0431755e-06
2022,10,42,52,0.0,0,0,0.00026764863
2023,11,17,45,0.0,0,0,2.4889493e-06
2022,6,12,47,0.0,0,0,1.4516309e-06
2021,6,28,31,0.0,0,0,0.00037228616
2021,3,10,14,0.0,0,0,0.00050540816
2019,6,23,13,0.0,0,1,0.9999645
2022,4,27,44,0.0,0,0,8.97745e-06
2020,15,49,39,0.0,0,1,0.99994683
2023,5,34,16,0.0,0,1,0.9999901
2021,1,68,10,0.0,0,1,0.9999989
2023,2,10,36,0.0,0,0,5.614268e-06
2022,10,24,27,0.0,0,0,0.0009189962
2023,9,27,12,0.0,0,1,0.99997056
2019,6,7,35,0.0,0,0,4.7986214e-06
2019,2,57,29,0.0,0,1,0.9999968
2022,10,23,10,0.0,0,1,0.9999622
2019,11,35,38,0.0,0,0,0.0005163178
2021,5,49,13,0.0,0,1,0.9999989
2023,3,7,31,0.0,0,0,8.629762e-06
2020,6,42,17,0.0,0,1,0.9999982
2022,8,10,41,0.0,0,0,1.7705984e-06
2023,5,50,20,0.0,0,1,0.99999857
2023,13,24,21,0.0,0,1,0.9997782
2021,2,76,0,0.0,0,1,0.9999988
2021,7,28,7,0.0,0,1,0.9999856
2019,3,50,0,0.0,0,1,0.99999905
2022,11,17,45,0.0,0,0,2.3164168e-06
2021,1,17,10,0.0,0,1,0.9999231
2019,1,40,21,0.0,0,1,0.9999969
2023,8,0,49,0.0,0,0,1.434816e-06
2021,2,32,29,0.0,0,1,0.9994665
2022,4,24,22,0.0,0,1,0.99638855
2022,6,44,21,0.0,0,1,0.9999974
2023,5,55,28,0.0,0,1,0.999997
2022,10,59,27,0.0,0,1,0.9999974
2019,8,31,27,0.0,0,1,0.99988496
2022,1,56,14,0.0,0,1,0.9999989
2019,14,39,30,0.0,0,1,0.9999461
2023,5,19,38,0.0,0,0,3.6060735e-06
2023,10,31,21,0.0,0,1,0.9999857
2022,8,17,14,0.0,0,1,0.9994363
2023,8,15,0,0.0,0,1,0.999754
2022,11,0,56,0.0,0,0,2.016869e-06
2023,7,23,33,0.0,0,0,2.4361498e-05
2023,2,17,24,0.0,0,0,6.133617e-05
2023,8,17,29,0.0,0,0,2.2130163e-05
2022,8,14,20,0.0,0,0,0.00014596999
2023,11,48,10,0.0,0,1,0.9999989
2023,12,24,45,0.0,0,0,6.0176526e-06
2021,11,45,30,0.0,0,1,0.99998844
2019,10,25,24,0.0,0,1,0.9902367
2023,1,14,38,0.0,0,0,5.0098065e-06
2019,3,31,24,0.0,0,1,0.9999759
2023,1,42,45,0.0,0,0,0.004570574
2020,12,28,45,0.0,0,0,8.795941e-06
2023,3,55,21,0.0,0,1,0.9999989
2022,9,24,17,0.0,0,1,0.99994326
2022,10,72,0,0.0,0,1,0.9999987
2023,2,7,42,0.0,0,0,2.0356538e-06
2023,6,14,31,0.0,0,0,9.064062e-06
2021,10,52,14,0.0,0,1,0.99999905
2023,9,49,35,0.0,0,1,0.9999913
2019,7,38,27,0.0,0,1,0.99998415
2022,2,63,48,0.0,0,1,0.9982323
2022,11,21,14,0.0,0,1,0.99993384
2022,8,36,3,0.0,0,1,0.99999416
2021,5,26,19,0.0,0,1,0.99994683
2021,14,35,20,0.0,0,1,0.9999933
2022,9,7,48,0.0,0,0,1.5936446e-06
2021,1,32,24,0.0,0,1,0.99997807
2022,1,23,20,0.0,0,1,0.99975806
2023,9,13,33,0.0,0,0,7.588088e-06
2023,10,41,17,0.0,0,1,0.9999976
2020,9,34,44,0.0,0,0,2.720369e-05
2023,9,17,63,0.0,0,0,2.415022e-06
2022,3,26,21,0.0,0,1,0.99991715
2023,2,71,3,0.0,0,1,0.9999987
2021,10,17,10,0.0,0,1,0.9999174
2019,3,47,17,0.0,0,1,0.9999987
2022,2,59,17,0.0,0,1,0.9999987
2022,9,53,52,0.0,0,1,0.6657855
2022,5,10,9,0.0,0,1,0.95766157
2021,2,71,0,0.0,0,1,0.9999988
2021,2,14,38,0.0,0,0,3.7265079e-06
2022,8,21,41,0.0,0,0,3.4933403e-06
2022,12,7,24,0.0,0,0,4.7050322e-05
2023,11,10,42,0.0,0,0,2.8485658e-06
2022,12,31,33,0.0,0,0,0.0035824007
2023,11,27,23,0.0,0,1,0.9997768
2022,11,35,33,0.0,0,1,0.9988166
2019,10,35,31,0.0,0,1,0.9998779
2022,1,21,49,0.0,0,0,4.821985e-06
2023,3,10,17,0.0,0,0,0.00017355407
2020,13,20,10,0.0,0,1,0.9999291
2022,7,16,13,0.0,0,1,0.99891555
2022,5,45,28,0.0,0,1,0.9999931
2022,1,10,0,0.0,0,1,0.9992866
2021,7,34,31,0.0,0,1,0.99903834
2019,4,31,34,0.0,0,0,0.00088773936
2021,6,48,35,0.0,0,1,0.9999865
2021,9,6,31,0.0,0,0,9.7991415e-06
2022,12,42,27,0.0,0,1,0.99999094
2020,4,10,37,0.0,0,0,4.232736e-06
2023,10,31,14,0.0,0,1,0.9999888
2022,8,42,17,0.0,0,1,0.999998
2022,9,37,42,0.0,0,0,0.00023142679
2023,10,21,7,0.0,0,1,0.9999527
2021,8,17,29,0.0,0,0,2.315029e-05
2022,8,42,10,0.0,0,1,0.99999833
2023,4,29,20,0.0,0,1,0.9999826
2019,6,21,14,0.0,0,1,0.99994445
2023,6,33,31,0.0,0,1,0.9945068
2023,5,37,34,0.0,0,1,0.9972692
2021,6,24,34,0.0,0,0,2.3167055e-05
2023,11,21,40,0.0,0,0,6.4242554e-06
2022,8,27,14,0.0,0,1,0.9999635
2022,5,33,0,0.0,0,1,0.9999882
2023,3,21,52,0.0,0,0,1.9870592e-06
2022,11,25,22,0.0,0,1,0.9995091
2023,2,16,45,0.0,0,0,2.2323509e-06
2020,1,24,17,0.0,1,1,0.99996936
2023,8,27,34,0.0,0,0,4.8352744e-05
2023,12,16,24,0.0,0,0,6.879744e-05
2019,13,30,24,0.0,0,1,0.999925
2022,8,22,14,0.0,0,1,0.9999423
2023,3,26,28,0.0,0,0,0.0032111364
2021,8,40,14,0.0,0,1,0.99999714
2019,11,63,7,0.0,0,1,0.9999988
2019,14,31,26,0.0,0,1,0.99994016
2021,8,34,15,0.0,0,1,0.99999225
2022,7,40,31,0.0,0,1,0.9999411
2022,11,20,10,0.0,0,1,0.99992275
2021,13,27,24,0.0,0,1,0.9995726
2022,5,26,43,0.0,0,0,9.952334e-06
2023,6,46,48,0.0,0,0,0.016126584
2023,5,24,14,0.0,0,1,0.99996495
2023,1,56,13,0.0,1,1,0.99999905
2021,4,14,31,0.0,0,0,1.051017e-05
2019,8,41,14,0.0,0,1,0.999998
2021,7,37,21,0.0,0,1,0.99999416
2020,4,36,34,0.0,0,1,0.9974872
2022,9,44,26,0.0,0,1,0.9999932
2022,11,16,45,0.0,0,0,2.29024e-06
2022,9,8,31,0.0,0,0,8.074655e-06
2023,8,10,36,0.0,0,0,4.2072406e-06
2022,3,35,30,0.0,0,1,0.999874
2022,8,34,13,0.0,0,1,0.99999106
2019,6,30,27,0.0,0,1,0.99964607
2021,1,34,16,0.0,0,1,0.99999297
2021,5,21,28,0.0,0,0,4.5942397e-05
2022,11,49,27,0.0,0,1,0.9999962
2022,4,34,27,0.0,0,1,0.9999591
2023,9,52,20,0.0,0,1,0.9999987
2022,8,34,56,0.0,0,0,5.9030795e-06
2021,13,35,28,0.0,0,1,0.99996924
2022,5,48,19,0.0,0,1,0.99999857
2022,2,58,10,0.0,0,1,0.9999989
2022,11,21,24,0.0,0,0,0.00045668404
2023,7,7,38,0.0,0,0,2.3306272e-06
2019,10,21,20,0.0,0,1,0.99466926
2019,3,45,27,0.0,0,1,0.9999962
2023,8,30,14,0.0,0,1,0.9999852
2022,9,24,27,0.0,0,0,0.00054896984
2021,7,0,17,0.0,0,0,6.304965e-05
2022,9,31,30,0.0,0,1,0.9933067
2019,5,23,21,0.0,0,1,0.9980909
2021,1,54,14,0.0,0,1,0.9999989
2019,14,49,7,0.0,0,1,0.9999989
2019,10,17,24,0.0,1,0,0.000101407284
2019,15,31,7,0.0,1,1,0.9999896
2019,4,20,28,0.0,0,0,3.9111106e-05
2021,13,44,27,0.0,0,1,0.99999154
2023,5,31,10,0.0,0,1,0.99998903
2022,3,0,41,0.0,0,0,2.42287e-06
2022,3,24,6,0.0,0,1,0.9999751
2022,4,33,21,0.0,0,1,0.99998665
2019,10,42,14,0.0,0,1,0.99999833
2022,6,9,10,0.0,0,0,0.039042328
2023,13,23,17,0.0,0,1,0.9999052
2020,13,50,44,0.0,0,1,0.9997093
2021,1,14,35,0.0,0,0,9.612433e-06
2023,8,44,12,0.0,0,1,0.99999833
2019,13,35,9,0.0,0,1,0.999995
2022,1,40,23,0.0,0,1,0.9999949
2022,2,20,38,0.0,0,0,5.889736e-06
2019,4,24,38,0.0,0,0,1.0493774e-05
2023,3,49,25,0.0,0,1,0.99999714
2021,10,55,52,0.0,0,1,0.9351986
2021,3,28,21,0.0,0,1,0.9999788
2021,1,16,24,0.0,1,0,5.6206885e-05
2022,3,31,16,0.0,0,1,0.9999901
2022,11,27,25,0.0,0,1,0.9957344
2022,3,7,17,0.0,0,0,7.043418e-05
2022,2,20,21,0.0,0,0,0.0044576386
2023,2,3,32,0.0,0,0,8.657516e-06
2021,7,45,0,0.0,0,1,0.99999857
2019,2,65,41,0.0,0,1,0.9999567
2020,14,6,19,0.0,0,0,0.00013000144
2023,4,20,27,0.0,0,0,5.0734336e-05
2021,5,48,17,0.0,0,1,0.9999988
2019,5,59,31,0.0,0,1,0.9999962
2023,5,42,28,0.0,0,1,0.99999154
2019,10,29,31,0.0,0,0,0.0028094852
2023,11,28,38,0.0,0,0,3.4682806e-05
2022,2,7,41,0.0,0,0,2.1185624e-06
2022,11,26,10,0.0,0,1,0.9999676
2022,12,34,37,0.0,0,0,0.00057124195
2021,9,38,27,0.0,0,1,0.99998546
2023,3,63,3,0.0,0,1,0.9999987
2022,9,13,27,0.0,0,0,2.4490591e-05
2022,5,9,10,0.0,0,0,0.039042328
2023,5,17,10,0.0,0,1,0.99990296
2021,11,21,42,0.0,0,0,5.754201e-06
2022,3,27,3,0.0,0,1,0.9999747
2022,1,34,0,0.0,0,1,0.9999932
2021,2,44,10,0.0,0,1,0.99999857
2019,9,30,24,0.0,0,1,0.99992216
2022,4,49,7,0.0,0,1,0.9999989
2021,9,9,16,0.0,0,0,0.00033673443
2023,13,14,56,0.0,0,0,2.2303996e-06
2019,7,29,14,0.0,0,1,0.9999863
2023,1,10,38,0.0,0,0,4.4661547e-06
2021,10,35,31,0.0,0,1,0.99987423
2022,6,34,14,0.0,0,1,0.9999902
2019,9,35,24,0.0,0,1,0.9999877
2021,3,30,7,0.0,0,1,0.99998975
2023,12,20,10,0.0,0,1,0.9999243
2019,9,16,23,0.0,0,0,0.0001146596
2022,11,17,7,0.0,0,1,0.99990976
2022,12,24,20,0.0,0,1,0.99987805
2023,4,56,20,0.0,0,1,0.9999987
2023,10,13,47,0.0,0,0,3.442197e-06
2020,15,7,70,0.0,0,0,2.0398202e-06
2021,6,14,45,0.0,0,0,1.7020797e-06
2023,8,3,17,0.0,0,0,5.66852e-05
2023,13,23,59,0.0,0,0,3.6993138e-06
2022,11,58,14,0.0,0,1,0.99999845
2023,1,28,26,0.0,0,1,0.99947196
2023,11,63,3,0.0,0,1,0.99999857
2022,11,13,56,0.0,0,0,1.9551765e-06
2022,4,29,26,0.0,0,1,0.9997774
2021,5,20,19,0.0,0,1,0.98873645
2023,9,21,63,0.0,0,0,2.7667818e-06
2020,2,35,21,0.0,0,1,0.999995
2023,10,41,44,0.0,0,0,0.0013419413
2023,10,31,45,0.0,0,0,2.5916372e-05
2021,2,21,35,0.0,0,0,1.3380104e-05
2022,9,42,20,0.0,1,1,0.99999774
2022,10,0,37,0.0,0,0,7.6516e-06
2023,4,62,9,0.0,0,1,0.9999987
2022,8,41,34,0.0,0,1,0.9999056
2022,6,20,7,0.0,0,1,0.9999254
2022,8,16,20,0.0,0,0,0.00036443977
2023,9,21,24,0.0,0,0,0.0002879946
2022,1,59,0,0.0,0,1,0.9999987
2019,9,37,34,0.0,0,1,0.99831164
2022,4,31,15,0.0,0,1,0.9999896
2022,3,14,16,0.0,0,0,0.007838778
2021,13,38,14,0.0,0,1,0.99999595
2019,14,14,24,0.0,0,0,6.3767206e-05
2022,1,7,14,0.0,0,0,0.00013673509
2021,4,55,4,0.0,0,1,0.9999989
2022,5,34,42,0.0,0,0,2.6885842e-05
2021,13,9,28,0.0,0,0,3.1763757e-05
2021,10,58,55,0.0,0,1,0.98998255
2021,2,44,13,0.0,0,1,0.99999845
2019,3,38,10,0.0,0,1,0.99999726
2020,4,20,18,0.0,0,1,0.9955304
2021,3,7,27,0.0,0,0,2.176338e-05
2022,5,30,27,0.0,0,1,0.99954224
2022,8,20,13,0.0,0,1,0.9999093
2021,13,66,35,0.0,0,1,0.9999949
2022,8,17,70,0.0,0,0,1.8530706e-06
2022,12,34,16,0.0,0,1,0.99998903
2021,7,34,14,0.0,0,1,0.9999925
2019,14,17,14,0.0,0,1,0.99949884
2022,5,28,66,0.0,0,0,3.8616995e-06
2021,2,49,10,0.0,0,1,0.99999905
2021,10,29,54,0.0,0,0,8.076858e-06
2022,14,38,31,0.0,0,1,0.9999167
2023,5,59,7,0.0,0,1,0.9999987
2021,1,21,24,0.0,0,0,0.00038075703
2022,8,14,21,0.0,0,0,5.2080744e-05
2023,1,48,7,0.0,0,1,0.9999989
2023,3,25,52,0.0,0,0,3.091475e-06
2022,5,15,25,0.0,0,0,3.2308097e-05
2021,4,12,20,0.0,0,0,0.00012918634
2022,3,23,17,0.0,0,1,0.9999423
2023,6,38,7,0.0,0,1,0.99999595
2022,7,7,24,0.0,0,0,1.9293144e-05
2022,2,21,13,0.0,0,1,0.9999453
2021,5,20,34,0.0,0,0,1.09598095e-05
2020,8,34,40,0.0,0,0,6.698868e-05
2023,3,38,17,0.0,0,1,0.9999964
2022,2,14,20,0.0,0,0,0.0001905439
2023,1,27,13,0.0,0,1,0.9999776
2019,14,22,38,0.0,0,0,1.2414727e-05
2022,6,42,21,0.0,0,1,0.9999975
2022,2,14,31,0.0,0,0,1.1647083e-05
2022,4,49,19,0.0,0,1,0.9999987
2023,11,20,52,0.0,0,0,2.0676573e-06
2022,11,28,18,0.0,0,1,0.99997425
2022,11,31,27,0.0,0,1,0.9998926
2023,8,30,13,0.0,0,1,0.9999864
2021,2,43,50,0.0,0,0,0.00023937238
2023,3,34,44,0.0,0,0,1.7240367e-05
2023,3,24,7,0.0,0,1,0.9999783
2022,3,35,14,0.0,0,1,0.99999523
2022,5,27,14,0.0,0,1,0.9999635
2023,8,23,61,0.0,0,0,3.416612e-06
2022,11,49,12,0.0,0,1,0.9999988
2023,1,19,20,0.0,1,0,0.007899664
2022,8,40,35,0.0,0,1,0.9993728
2022,9,28,21,0.0,0,1,0.9999604
2019,9,17,20,0.0,0,0,0.0011868994
2023,11,48,45,0.0,0,1,0.99056256
2022,6,21,0,0.0,0,1,0.99993825
2021,13,29,26,0.0,1,1,0.99978215
2021,7,31,8,0.0,0,1,0.9999902
2021,4,15,45,0.0,0,0,1.9196489e-06
2021,7,26,14,0.0,0,1,0.99996746
2023,10,10,28,0.0,0,0,3.3836914e-05
2023,11,7,45,0.0,0,0,2.0287523e-06
2023,10,14,42,0.0,0,0,4.252221e-06
2022,6,28,59,0.0,0,0,3.8106502e-06
2022,4,15,25,0.0,0,0,4.181357e-05
2022,1,65,0,0.0,0,1,0.9999987
2022,3,42,16,0.0,0,1,0.9999982
2021,10,42,54,0.0,0,0,0.00023880499
2022,9,13,3,0.0,0,1,0.99967325
2023,1,30,3,0.0,0,1,0.9999889
2023,11,61,41,0.0,0,1,0.9999721
2021,2,47,0,0.0,0,1,0.9999987
2021,12,49,17,0.0,0,1,0.99999857
2022,2,27,6,0.0,0,1,0.999974
2023,3,42,14,0.0,0,1,0.99999833
2022,4,73,13,0.0,0,1,0.9999987
2022,6,20,27,0.0,0,0,3.591318e-05
2022,1,20,21,0.0,0,0,0.005018018
2022,10,50,10,0.0,0,1,0.99999905
2023,4,38,14,0.0,0,1,0.9999963
2023,10,48,28,0.0,0,1,0.99999654
2022,6,26,38,0.0,0,0,1.6423704e-05
2022,11,13,14,0.0,0,0,0.00849842
2022,10,21,33,0.0,0,0,2.424108e-05
2023,13,30,24,0.0,0,1,0.99992
2021,4,31,27,0.0,0,1,0.9999043
2019,5,49,31,0.0,0,1,0.9999906
2019,13,27,28,0.0,0,0,0.009199873
2019,9,52,10,0.0,0,1,0.99999917
2023,8,17,20,0.0,0,0,0.00096789387
2019,11,19,45,0.0,0,0,2.7483284e-06
2023,1,17,13,0.0,0,1,0.99980587
2019,1,13,14,0.0,0,0,0.008592807
2022,4,21,13,0.0,0,1,0.99995136
2023,2,35,7,0.0,0,1,0.9999957
2021,13,56,24,0.0,0,1,0.999998
2019,4,55,52,0.0,0,1,0.821343
2022,6,25,34,0.0,0,0,2.2570011e-05
2022,13,27,30,0.0,0,0,0.00046478288
2021,10,34,36,0.0,0,0,0.0015754985
2022,9,6,48,0.0,0,0,1.618233e-06
2023,6,12,63,0.0,0,0,1.7723792e-06
2022,4,43,6,0.0,0,1,0.9999982
2019,13,22,44,0.0,0,0,7.376292e-06
2020,10,51,10,0.0,0,1,0.99999917
2022,5,7,21,0.0,0,0,2.54116e-05
2023,5,40,33,0.0,0,1,0.9998491
2022,2,3,21,0.0,0,0,4.054498e-05
2023,10,7,21,0.0,0,0,7.348874e-05
2020,13,32,31,0.0,0,1,0.9841531
2021,1,21,22,0.0,0,0,0.0381105
2021,7,17,28,0.0,0,0,2.43151e-05
2022,11,17,14,0.0,0,1,0.9994543
2022,13,29,27,0.0,0,1,0.9993106
2021,11,13,38,0.0,0,0,4.7999715e-06
2019,9,20,17,0.0,0,1,0.99918264
2022,1,35,34,0.0,0,1,0.9899478
2023,5,52,26,0.0,0,1,0.99999666
2023,10,24,7,0.0,0,1,0.9999738
2023,10,7,10,0.0,0,0,0.004054727
2023,3,21,7,0.0,0,1,0.9999547
2022,7,14,7,0.0,0,1,0.9996562
2020,7,17,35,0.0,0,0,6.8716286e-06
2021,13,38,34,0.0,0,1,0.9997359
2021,9,16,34,0.0,0,0,9.0869635e-06
2023,11,50,0,0.0,0,1,0.9999988
2022,10,71,6,0.0,0,1,0.9999987
2022,8,17,19,0.0,0,0,0.0037659255
2019,4,34,14,0.0,0,1,0.9999932
2022,11,30,0,0.0,0,1,0.9999846
2019,13,16,14,0.0,0,1,0.9965683
2020,3,17,13,0.0,0,1,0.9997938
2022,4,40,14,0.0,0,1,0.9999969
2021,11,9,24,0.0,0,0,5.5520788e-05
2022,7,65,0,0.0,0,1,0.99999845
2023,1,52,10,0.0,0,1,0.99999905
2023,10,3,23,0.0,1,0,9.180644e-05
2023,3,48,28,0.0,0,1,0.9999958
2021,13,16,31,0.0,0,0,1.6743363e-05
2023,3,20,35,0.0,0,0,1.1955574e-05
2021,3,59,28,0.0,0,1,0.9999975
2022,6,0,41,0.0,0,0,1.8168149e-06
2021,7,39,31,0.0,0,1,0.99995327
2021,5,21,24,0.0,0,0,0.00026471517
2023,10,28,42,0.0,0,0,2.4677798e-05
2022,5,20,14,0.0,0,1,0.99988043
2019,15,62,17,0.0,1,1,0.99999845
2022,11,38,14,0.0,0,1,0.99999535
2021,10,17,40,0.0,0,0,5.2839155e-06
2021,7,17,34,0.0,0,0,7.59493e-06
2022,14,43,22,0.0,1,1,0.9999957
2023,11,14,0,0.0,0,1,0.9998241
2023,5,41,7,0.0,0,1,0.999998
2022,3,46,21,0.0,0,1,0.99999845
2020,7,30,20,0.0,0,1,0.9999821
2021,13,13,40,0.0,0,0,3.757071e-06
2023,10,37,23,0.0,0,1,0.9999907
2023,6,41,17,0.0,0,1,0.9999976
2023,4,52,3,0.0,0,1,0.9999988
2021,4,16,28,0.0,0,0,2.6499765e-05
2021,10,14,21,0.0,1,0,0.00010855995
2022,2,76,0,0.0,0,1,0.9999987
2023,11,52,35,0.0,0,1,0.99999285
2023,2,37,35,0.0,0,1,0.9913454
2022,13,37,14,0.0,0,1,0.9999938
2020,3,17,7,0.0,0,1,0.9999236
2022,8,21,24,0.0,0,0,0.00022150401
2023,9,17,9,0.0,0,1,0.9999125
2023,6,48,0,0.0,0,1,0.9999987
2021,7,52,31,0.0,0,1,0.9999956
2023,2,14,28,0.0,0,0,2.7350454e-05
2022,7,20,7,0.0,0,1,0.9999254
2021,5,27,24,0.0,0,1,0.9995499
2019,8,45,24,0.0,0,1,0.9999968
2022,8,14,38,0.0,0,0,2.6627963e-06
2022,2,38,19,0.0,0,1,0.9999962
2020,2,13,16,0.0,0,0,0.0009339267
2023,3,11,19,0.0,0,0,0.00011865959
2023,7,41,31,0.0,0,1,0.9999665
2021,7,51,44,0.0,0,1,0.9997477
2021,9,24,14,0.0,0,1,0.9999709
2022,8,58,14,0.0,0,1,0.99999845
2022,8,61,7,0.0,0,1,0.9999987
2021,8,26,35,0.0,0,0,4.515543e-05
2019,9,28,0,0.0,0,1,0.99998486
2019,6,3,28,0.0,0,0,1.6931066e-05
2023,4,42,10,0.0,0,1,0.99999845
2022,6,30,17,0.0,0,1,0.99998295
2022,13,12,44,0.0,0,0,2.8867103e-06
2023,1,0,27,0.0,0,0,3.0003186e-05
2023,3,20,28,0.0,0,0,4.5344175e-05
2019,10,30,7,0.0,0,1,0.99998856
2023,8,45,21,0.0,0,1,0.9999982
2021,5,41,14,0.0,0,1,0.999998
2021,10,0,57,0.0,0,0,3.2640182e-06
2021,2,24,45,0.0,0,0,5.940392e-06
2022,2,28,41,0.0,0,0,1.6674765e-05
2019,11,48,43,0.0,0,1,0.9997553
2022,12,31,24,0.0,0,1,0.9999654
2022,10,40,34,0.0,0,1,0.9998722
2022,7,17,13,0.0,0,1,0.9997484
2023,3,6,20,0.0,0,0,8.0068916e-05
2021,2,31,23,0.0,0,1,0.9999801
2021,7,18,17,0.0,0,1,0.9648998
2021,5,17,21,0.0,0,0,0.0001902333
2022,8,31,29,0.0,0,1,0.9978048
2023,13,7,16,0.0,0,0,0.0002980289
2023,9,21,49,0.0,0,0,3.2284747e-06
2021,6,31,14,0.0,0,1,0.99998903
2023,1,7,65,0.0,1,0,2.280028e-06
2020,11,32,35,0.0,0,0,0.0020934758
2022,12,49,42,0.0,0,1,0.99983823
2022,7,12,31,0.0,0,0,7.843763e-06
2020,4,17,12,0.0,0,1,0.9997856
2021,7,48,0,0.0,0,1,0.9999988
2023,3,7,41,0.0,0,0,2.241321e-06
2023,2,24,22,0.0,1,1,0.9973003
2022,10,45,16,0.0,0,1,0.99999857
2021,9,44,34,0.0,0,1,0.99997663
2022,11,37,40,0.0,0,0,0.00084008125
2023,6,38,7,0.0,0,1,0.99999595
2023,2,10,42,0.0,0,0,2.3669002e-06
2019,9,31,38,0.0,0,0,7.327294e-05
2023,1,38,3,0.0,0,1,0.99999654
2019,13,56,7,0.0,0,1,0.99999905
2021,1,3,30,0.0,0,0,1.898375e-05
2022,5,56,17,0.0,0,1,0.9999988
2023,5,34,27,0.0,0,1,0.9999515
2019,4,49,7,0.0,0,1,0.99999905
2021,4,24,10,0.0,0,1,0.9999765
2021,3,31,29,0.0,0,1,0.9988186
2021,10,25,31,0.0,0,0,9.131906e-05
2022,8,20,45,0.0,0,0,2.4636545e-06
2021,11,24,31,0.0,0,0,5.0148505e-05
2021,12,14,42,0.0,0,0,3.0637423e-06
2023,1,45,22,0.0,0,1,0.9999975
2022,10,28,52,0.0,0,0,6.5885606e-06
2022,8,21,35,0.0,0,0,8.9328105e-06
2021,3,42,14,0.0,0,1,0.99999845
2023,1,14,10,0.0,0,1,0.9995179
2023,8,0,48,0.0,0,0,1.4942735e-06
2020,7,31,28,0.0,0,1,0.99978334
2022,6,3,45,0.0,0,0,1.4205878e-06
2023,8,38,24,0.0,0,1,0.999987
2023,3,42,21,0.0,0,1,0.9999981
2023,10,35,28,0.0,0,1,0.9999708
2020,9,28,62,0.0,0,0,5.0148733e-06
2022,12,7,17,0.0,0,0,0.00013034328
2022,1,63,6,0.0,0,1,0.9999987
2019,14,24,27,0.0,0,0,0.000954538
2022,5,28,9,0.0,0,1,0.9999821
2022,10,12,21,0.0,0,0,7.729375e-05
2022,2,70,14,0.0,0,1,0.9999987
2022,10,29,20,0.0,0,1,0.9999784
2022,10,28,31,0.0,0,0,0.00043326066
2021,4,13,21,0.0,0,0,5.741721e-05
2023,7,49,3,0.0,0,1,0.9999988
2022,8,10,24,0.0,0,0,2.2843198e-05
2022,11,12,10,0.0,0,1,0.9808611
2021,5,14,37,0.0,0,0,4.3102254e-06
2023,9,14,21,0.0,0,0,6.371256e-05
2019,3,33,31,0.0,0,1,0.9968046
2022,1,6,44,0.0,0,0,2.6152784e-06
2022,10,19,22,0.0,0,0,0.00042488784
2021,6,41,33,0.0,0,1,0.999946
2023,1,63,10,0.0,0,1,0.9999988
2019,15,47,21,0.0,0,1,0.99999833
2023,10,14,49,0.0,0,0,3.3633407e-06
2022,1,35,14,0.0,0,1,0.9999956
2021,1,14,31,0.0,0,0,1.45587555e-05
2023,9,20,7,0.0,0,1,0.99993277
2022,11,49,35,0.0,0,1,0.9999871
2023,5,14,33,0.0,0,0,6.686598e-06
2022,5,36,33,0.0,0,1,0.9985567
2019,13,52,0,0.0,0,1,0.9999988
2021,3,27,10,0.0,0,1,0.99997747
2023,1,14,0,0.0,0,1,0.999811
2023,1,24,21,0.0,0,1,0.9997621
2019,12,35,34,0.0,0,1,0.98726463
2020,10,19,35,0.0,0,0,1.5802532e-05
2022,11,44,41,0.0,0,1,0.99258435
2022,8,7,35,0.0,0,0,3.898938e-06
2022,4,13,14,0.0,0,0,0.0084889475
2023,7,35,24,0.0,0,1,0.9999838
2023,8,42,20,0.0,0,1,0.9999976
2023,9,14,10,0.0,0,1,0.9995517
2021,5,48,17,0.0,0,1,0.9999988
2023,3,17,3,0.0,0,1,0.99991417
2023,11,31,21,0.0,0,1,0.999984
2023,8,20,35,0.0,0,0,9.204745e-06
2019,4,17,12,0.0,0,1,0.9997856
2022,3,45,17,0.0,0,1,0.99999857
2023,10,31,21,0.0,0,1,0.9999857
2021,11,24,28,0.0,0,0,0.00030002595
2021,6,12,15,0.0,0,0,0.0011482992
2021,7,31,28,0.0,0,1,0.9997769
2022,9,31,24,0.0,0,1,0.99995935
2021,1,13,44,0.0,1,0,3.166028e-06
2021,1,45,3,0.0,0,1,0.99999857
2021,11,10,13,0.0,0,0,0.00431281
2022,11,34,16,0.0,0,1,0.9999895
2021,11,34,26,0.0,0,1,0.9999721
2022,9,0,45,0.0,0,0,1.8065728e-06
2022,12,35,21,0.0,0,1,0.99999166
2022,12,32,34,0.0,0,0,0.0056261234
2022,2,27,14,0.0,0,1,0.9999726
2021,1,31,45,0.0,0,0,1.7552973e-05
2022,11,47,21,0.0,0,1,0.9999982
2023,9,58,7,0.0,0,1,0.9999988
2022,2,29,36,0.0,0,0,0.00011842696
2021,2,42,27,0.0,0,1,0.99999475
2021,8,21,42,0.0,0,0,3.907671e-06
2022,11,7,34,0.0,0,0,8.8168945e-06
2023,5,35,7,0.0,0,1,0.99999464
2022,5,35,28,0.0,0,1,0.99996114
2019,13,45,13,0.0,0,1,0.9999987
2023,4,45,38,0.0,0,1,0.9999598
2023,6,25,49,0.0,0,0,5.805335e-06
2023,8,31,29,0.0,0,1,0.998078
2022,7,35,52,0.0,0,0,8.361718e-06
2022,6,0,0,0.0,1,0,0.03842801
2022,4,28,0,0.0,0,1,0.9999851
2022,9,7,42,0.0,0,0,1.9486445e-06
2021,7,28,31,0.0,0,0,0.00039334886
2023,7,30,10,0.0,0,1,0.99998724
2022,7,28,0,0.0,0,1,0.9999807
2019,14,34,30,0.0,0,1,0.9994012
2021,2,40,6,0.0,0,1,0.9999974
2022,2,0,0,0.0,0,0,0.054335993
2021,7,66,21,0.0,0,1,0.99999857
2021,12,42,45,0.0,0,0,0.0031979703
2023,2,9,14,0.0,0,0,0.0004470145
2023,11,30,14,0.0,0,1,0.9999857
2019,14,7,52,0.0,0,0,1.6287504e-06
2023,1,17,51,0.0,0,0,2.8322831e-06
2023,5,37,34,0.0,0,1,0.9972692
2023,9,20,34,0.0,0,0,1.1923897e-05
2023,10,0,1,0.0,0,0,0.14092585
2021,11,7,36,0.0,0,0,7.5308903e-06
2023,2,38,28,0.0,0,1,0.999985
2022,11,27,13,0.0,1,1,0.9999676
2023,6,28,14,0.0,0,1,0.9999813
2021,11,13,20,0.0,0,0,0.00020590411
2022,1,22,8,0.0,0,1,0.999969
2023,4,38,35,0.0,0,1,0.998869
2023,12,31,20,0.0,0,1,0.999985
2022,2,49,21,0.0,0,1,0.9999987
2021,4,14,19,0.0,0,0,0.00028037906
2023,6,21,62,0.0,0,0,2.4501e-06
2021,10,14,38,0.0,0,0,6.399564e-06
2022,14,10,39,0.0,1,0,3.82996e-06
2023,6,34,49,0.0,0,0,1.0507333e-05
2019,6,20,27,0.0,0,0,4.4199856e-05
2019,3,24,31,0.0,0,0,5.2691805e-05
2022,9,14,45,0.0,0,0,1.803297e-06
2023,5,28,38,0.0,1,0,2.496466e-05
2020,8,49,3,0.0,0,1,0.9999989
2021,2,23,26,0.0,0,0,0.0009336242
2023,1,14,24,0.0,0,0,4.8829414e-05
2022,12,50,0,0.0,0,1,0.9999987
2021,1,22,24,0.0,0,0,0.0017329133
2019,14,37,20,0.0,0,1,0.9999939
2023,6,23,34,0.0,0,0,1.925394e-05
2023,3,41,7,0.0,0,1,0.9999982
2021,1,69,0,0.0,0,1,0.9999987
2022,1,17,16,0.0,0,1,0.9932607
2020,16,20,17,0.0,0,1,0.9990753
2023,5,41,20,0.0,0,1,0.99999714
2021,6,30,13,0.0,0,1,0.9999877
2022,4,35,14,0.0,0,1,0.999995
2023,3,38,6,0.0,0,1,0.99999654
2022,13,34,17,0.0,1,1,0.9999882
2021,2,32,31,0.0,0,1,0.98617446
2022,8,23,0,0.0,0,1,0.9999571
2021,8,24,21,0.0,0,1,0.9996617
2022,10,30,33,0.0,0,0,0.0010949204
2022,5,35,28,0.0,0,1,0.99996114
2019,13,15,13,0.0,0,1,0.998825
2023,4,55,30,0.0,0,1,0.9999958
2022,5,43,45,0.0,0,0,0.017544093
2021,2,45,17,0.0,0,1,0.9999987
2022,3,70,28,0.0,0,1,0.999997
2022,6,49,6,0.0,0,1,0.9999987
2020,9,13,31,0.0,0,0,1.1782036e-05
2023,9,14,40,0.0,0,0,2.4952308e-06
2023,11,7,42,0.0,0,0,2.8295644e-06
2022,2,21,52,0.0,0,0,1.9206213e-06
2023,2,24,22,0.0,0,1,0.9973003
2023,4,7,48,0.0,0,0,1.3744303e-06
2022,11,55,0,0.0,0,1,0.9999988
2023,11,41,7,0.0,0,1,0.99999785
2022,13,6,23,0.0,0,0,7.083806e-05
2022,1,38,19,0.0,0,1,0.9999963
2019,4,38,41,0.0,0,0,0.0018698447
2019,10,14,42,0.0,0,0,4.536802e-06
2019,7,38,34,0.0,0,1,0.99974924
2022,9,14,41,0.0,0,0,2.3062685e-06
2023,11,44,6,0.0,0,1,0.99999785
2019,11,13,17,0.0,0,0,0.00023335112
2020,6,24,44,0.0,0,0,6.68503e-06
2022,4,34,17,0.0,0,1,0.99999225
2019,2,62,7,0.0,0,1,0.9999989
2021,4,0,62,0.0,0,0,1.588322e-06
2022,6,34,0,0.0,0,1,0.9999902
2021,7,31,22,0.0,0,1,0.9999695
2022,6,21,22,0.0,0,0,0.02252625
2019,8,47,17,0.0,0,1,0.99999857
2022,7,13,52,0.0,0,0,1.1538577e-06
2021,6,30,38,0.0,0,0,4.4012515e-05
2023,1,42,41,0.0,0,1,0.9893707
2021,13,27,3,0.0,0,1,0.9999683
2023,5,24,27,0.0,0,0,0.00051951676
2022,7,35,38,0.0,0,0,0.0004082478
2023,3,56,0,0.0,0,1,0.99999905
2023,7,6,13,0.0,0,0,0.00026051234
2020,14,0,20,0.0,0,0,0.00016082881
2021,12,17,24,0.0,0,0,8.922375e-05
2021,1,45,24,0.0,0,1,0.9999975
2022,11,28,14,0.0,0,1,0.9999814
2022,2,14,48,0.0,0,0,1.919195e-06
2021,5,59,27,0.0,0,1,0.9999975
2023,3,17,67,0.0,0,0,2.1845165e-06
2023,9,44,0,0.0,0,1,0.9999982
2022,8,21,49,0.0,0,0,2.5318625e-06
2021,1,7,19,0.0,0,0,8.206311e-05
2022,11,7,28,0.0,0,0,2.9844183e-05
2022,10,21,28,0.0,0,0,7.4253825e-05
2022,4,23,27,0.0,0,0,0.00028288344
2023,6,13,17,0.0,0,0,0.00020359659
2023,1,34,24,0.0,0,1,0.9999831
2021,8,34,3,0.0,0,1,0.9999924
2023,2,30,21,0.0,0,1,0.9999833
2022,3,54,7,0.0,0,1,0.99999905
2023,3,47,0,0.0,0,1,0.9999987
2021,6,35,15,0.0,0,1,0.999995
2022,9,24,3,0.0,0,1,0.999967
2022,9,27,6,0.0,0,1,0.9999665
2023,5,6,23,0.0,0,0,2.9820398e-05
2021,13,33,28,0.0,0,1,0.9998889
2019,2,77,6,0.0,0,1,0.9999988
2023,3,36,10,0.0,0,1,0.9999963
2022,12,22,26,0.0,0,0,0.00040293153
2023,8,17,27,0.0,0,0,2.7057662e-05
2023,11,3,6,0.0,0,0,0.668383
2019,8,28,25,0.0,0,1,0.99932253
2023,2,29,0,0.0,0,1,0.9999876
2021,13,38,29,0.0,0,1,0.99995136
